Каталог|Луковицы нарцисса;Нарцисс Бридал Краун, (мнгцв.махр.) 8 шт;Нарцисс Бридал Краун, (мнгцв.махр.) 8 шт;832;https://klubsadprof.ru/upload/iblock/331/y4wun0yh3p977du0xy2eb39bqczixkxc/402.jpg;"<div class=""product-description-inner tab-active"" data-tab-content=""product-description-1"">
<div class=""product-description-title"">Описание</div>
<div class=""product-description-text"">
						Махровый нарцисс нежной кремовой окраски с желтыми коронками внутри. На одном цветоносе несколько цветков.					</div>
<section class=""slider-info"">
</section>
</div>";
Каталог|Луковицы нарцисса;Нарцисс Сплиткорона, Смесь, (сплит гофр.) 5 шт;Нарцисс Сплиткорона, Смесь, (сплит гофр.) 5 шт;713;https://klubsadprof.ru/upload/iblock/729/23q39pkji9busnu0dx692zx7fw0v7ee3/378.jpg;"<div class=""product-description-inner tab-active"" data-tab-content=""product-description-1"">
<div class=""product-description-title"">Описание</div>
<div class=""product-description-text"">
						Относится к группе крупно - корончатых. Высота растения до 40 см. Эксклюзивная  смесь сортов со сплит-коронками разной окраски.  Диаметр цветка около 10 см. Посадка - август - начало сентября. Глубина посадки 15-20 см, на расстоянии 10-12 см друг от друга. Цветение начинается с середины мая. К почве особенных требований нет, но при условии, что она хорошо дренирована. Расположение для посадки -  солнечные места или полутень. Нарцисс широко используется в озеленении, как раннецветущее растение, в клумбах, рабатках, группах между кустарниками, отдельными пятнами.					</div>
<section class=""slider-info"">
</section>
</div>";
Каталог|Луковицы нарцисса;Нарцисс Паперуайт, (тацет.,мнгцв.) 5 шт;Нарцисс Паперуайт, (тацет.,мнгцв.) 5 шт;944;https://klubsadprof.ru/upload/iblock/791/ca7n1b4v6lz1bvcgchsfh0g51tjqfsig/408.jpg;"<div class=""product-description-inner tab-active"" data-tab-content=""product-description-1"">
<div class=""product-description-title"">Описание</div>
<div class=""product-description-text"">
						Белоснежный нарцисс, самый лучший сорт для выгонки! Зацветает без периода зимнего покоя. Просто посадите его в кашпо и уже через 6-8 недель можно будет любоваться очень ароматными, белоснежными букетиками из цветков-звёздочек!					</div>
<section class=""slider-info"">
</section>
</div>";
Каталог|Луковицы нарцисса;Нарцисс Артик Беллз (бульбк.) 10 шт;Нарцисс Артик Беллз (бульбк.) 10 шт;896;https://klubsadprof.ru/upload/iblock/5b0/ae6n02zsgogrk61kbd3i68bh3e7hxcwm/352.jpg;"<div class=""product-description-inner tab-active"" data-tab-content=""product-description-1"">
<div class=""product-description-title"">Описание</div>
<div class=""product-description-text"">
						Относится к группе крупно-корончатых. Высота растения 15-20 см. Цветок кремовый с желтым центром, коронка как юбочка, тонкие лепестки-шпажки отогнуты назад. Диаметр цветка около 10 см. Посадка - август - начало сентября. Глубина посадки 15-20 см на расстоянии 10-12 см друг от друга. Цветение  начинается с середины мая. К почве особенных требований нет, но при условии, что она хорошо дренирована. Расположение для посадки - солнечные места или полутень. Нарцисс широко используется в озеленении, как раннецветущее растение, в клумбах, рабатках, группах между кустарниками, отдельными пятнами.					</div>
<section class=""slider-info"">
</section>
</div>";
Каталог|Луковицы нарцисса;Нарцисс Прекоушес, (крупн. гофр.) 8 шт;Нарцисс Прекоушес, (крупн. гофр.) 8 шт;1 274;https://klubsadprof.ru/upload/iblock/ae1/xqgzzfxx6t2fko20gq6dw39gtsrhqt3m/374.jpg;"<div class=""product-description-inner tab-active"" data-tab-content=""product-description-1"">
<div class=""product-description-title"">Описание</div>
<div class=""product-description-text"">
						Относится к группе крупно-корончатых. Высота растения до 35 см. Цветок белый, с желтовато-розовой гофрированной коронкой. Диаметр цветка около 10 см. Посадка - август - начало сентября. Глубина посадки 15-20 см на расстоянии 10-12 см друг от друга. Цветение начинается с середины мая. К почве особенных требований нет, но при условии, что она хорошо дренирована. Расположение для посадки -  солнечные места или полутень. Нарцисс широко используется в озеленении, как раннецветущее растение, в клумбах, рабатках, группах между кустарниками, отдельными пятнами.					</div>
<section class=""slider-info"">
</section>
</div>";
Каталог|Луковицы нарцисса;Нарцисс Свит Помпонетт, махр. 8 шт;Нарцисс Свит Помпонетт, махр. 8 шт;1 026;https://klubsadprof.ru/upload/iblock/22a/iux7yitqtduzruhafphj54o6mt1kn5g8/396.jpg;"<div class=""product-description-inner tab-active"" data-tab-content=""product-description-1"">
<div class=""product-description-title"">Описание</div>
<div class=""product-description-text"">
						Нарцисс Свит Помпонетт - это необыкновенно привлекательный цветок с эффектными лимонно-желтыми лепестками, украшенными густомахровой цветной коронкой. Над великолепными яркими цветами витает благоуханный аромат. Сорт Double Sweet Pomponette – яркое украшение весенних клумб и букетов.					</div>
<section class=""slider-info"">
</section>
</div>";
Каталог|Луковицы нарцисса;Нарцисс Флауэр Дрифт, махр. 8 шт;Нарцисс Флауэр Дрифт, махр. 8 шт;997;https://klubsadprof.ru/upload/iblock/d22/2nke4jddysp7so7vm36u84hs4e4fwswd/398.jpg;"<div class=""product-description-inner tab-active"" data-tab-content=""product-description-1"">
<div class=""product-description-title"">Описание</div>
<div class=""product-description-text"">
						Многолетнее луковичное растение относится к группе махровые. Высота растения 30-40 см. Цветок кремово-белые лепестки околоцветника с бело-оранжевой коронкой. Диаметр цветка 10 см. Посадка - август - начало сентября. Глубина посадки 15-20 см на расстоянии 10-12 см друг от друга. Цветение начинается с середины мая. Средний срок цветения. К почве особых требований нет, но при условии что она хорошо дренирована. Расположение для посадки - солнечные места или полутень. Нарцисс широко используется в озеленении, как раннецветущее растение, в клумбах, рабатках, группах между кустарниками, отдельными пятнами.					</div>
<section class=""slider-info"">
</section>
</div>";
Каталог|Луковицы нарцисса;Нарцисс Арт Парфюм, (махр, роз.кор.) 2 шт;Нарцисс Арт Парфюм, (махр, роз.кор.) 2 шт;975;https://klubsadprof.ru/upload/iblock/e33/ur2nan6oih76g3ii396y3khmev47kryv/414.jpeg;"<div class=""product-description-inner tab-active"" data-tab-content=""product-description-1"">
<div class=""product-description-title"">Описание</div>
<div class=""product-description-text"">
						Эффектный махровый нарцисс с причудливо гофрированной коронкой цвета абрикоса и оранжевым напылением.					</div>
<section class=""slider-info"">
</section>
</div>";
Каталог|Луковицы нарцисса;Нарцисс Хеамоор, махр. 8 шт;Нарцисс Хеамоор, махр. 8 шт;1 280;https://klubsadprof.ru/upload/iblock/46b/a32u1ayn3ueejcofos6wk0wd2imu3wzu/400.jpg;"<div class=""product-description-inner tab-active"" data-tab-content=""product-description-1"">
<div class=""product-description-title"">Описание</div>
<div class=""product-description-text"">
						Высота 35 см. Раннецветущий махровый сорт, очень сильные стебли, устойчивая окраска и длительный период цветения, равномерно ярко-желтый.					</div>
<section class=""slider-info"">
</section>
</div>";
Каталог|Луковицы нарцисса;Нарцисс Бритиш Гэмбл, ( 5 шт;Нарцисс Бритиш Гэмбл, ( 5 шт;896;https://klubsadprof.ru/upload/iblock/93b/5mogssx4b9id9byslmehqtfij5j88rhd/415.jpg;"<div class=""product-description-inner tab-active"" data-tab-content=""product-description-1"">
<div class=""product-description-title"">Описание</div>
<div class=""product-description-text"">
						Нарцисс Бритиш Гембл класса крупнокорончатых станет украшением любой весенней клумбы, городского и паркового ландшафта. На высоком цветоносе образуется один крупный цветок диаметром более 10 см. Лепестки бело-кремовые, коронка большая, лимонно-желтая при открытии бутона, постепенно становится абрикосово-розовой. Аромат сильный и приятный, цветение продолжительное, начинается в апреле и продолжается весь май. Прекрасно подходит для озеленения и выгонки под срезку, подолгу стоит в букетах, не теряя формы. Агротехника простая, подходит начинающим садоводам.					</div>
<section class=""slider-info"">
</section>
</div>";
Каталог|Луковицы нарцисса;Нарцисс Венгерская Расподия, (сплит гофр.) 8 шт;Нарцисс Венгерская Расподия, (сплит гофр.) 8 шт;1 322;https://klubsadprof.ru/upload/iblock/d7e/aytc8mk88ufhtsxha3oga7de3837u6a5/356.jpg;"<div class=""product-description-inner tab-active"" data-tab-content=""product-description-1"">
<div class=""product-description-title"">Описание</div>
<div class=""product-description-text"">
						Относится к группе крупно-корончатых. Высота растения до 45 см. Цветок хамелеон, с волнистой коронкой, меняет цвет от желтого до оранжевого. Эксклюзив! Диаметр цветка около 10 см. Посадка - август - начало сентября. Глубина посадки 15-20 см на расстоянии 10-12 см друг от друга. Цветение начинается с середины мая. К почве особенных требований нет, но при условии, что она хорошо дренирована. Расположение для посадки -  солнечные места или полутень. Нарцисс широко используется в озеленении, как раннецветущее растение, в клумбах, рабатках, группах между кустарниками, отдельными пятнами.					</div>
<section class=""slider-info"">
</section>
</div>";
Каталог|Луковицы нарцисса;Нарцисс Физантс Ай (Recurvus) 8 шт;Нарцисс Физантс Ай (Recurvus) 8 шт;1 150;https://klubsadprof.ru/upload/iblock/5a7/z3l4snc7q2568er5m2q943gginty6esj/Narcissus_poeticus_recurvus_82487_1.jpg;"<div class=""product-description-inner tab-active"" data-tab-content=""product-description-1"">
<div class=""product-description-title"">Описание</div>
<div class=""product-description-text"">
						Относится к группе крупно-корончатых. Высота растения до 40 см. Цветок белый, коронка тёмно-зелёная в центре, по краю-тонкая малиново-красная кайма, диаметр цветка около 10 см. Посадка - август - начало сентября. Глубина посадки 15-20 см, на расстоянии 10-12 см друг от друга. Цветение начинается с середины мая. К почве особенных требований нет, но при условии, что она хорошо дренирована. Расположение для посадки - солнечные места или полутень. Нарцисс широко используется в озеленении, как раннецветущее растение, в клумбах, рабатках, группах между кустарниками, отдельными пятнами.					</div>
<section class=""slider-info"">
</section>
</div>";
Каталог|Луковицы нарцисса;Нарцисс Калгари, махр. 5 шт;Нарцисс Калгари, махр. 5 шт;652;https://klubsadprof.ru/upload/iblock/e1f/sibogdqrt9jbd4h42zzfe64fe98pjqrb/391.jpg;"<div class=""product-description-inner tab-active"" data-tab-content=""product-description-1"">
<div class=""product-description-title"">Описание</div>
<div class=""product-description-text"">
						Нарцисс ""Калгари"" - махровый, красивоцветущий, многолетний сорт. Цветки крупные, с приятным ароматом, белого цвета с зеленым оттенком. Луковицы нарциссов среднего размера, отлично приживаются при любых климатических условиях. Растение неприхотливое в выращивании, стебель прямостоячий, крепкий. Махровые нарциссы пользуются особой популярностью в декоративном садоводстве, их используют в озеленении, выращивают в открытом грунте на клумбах.					</div>
<section class=""slider-info"">
</section>
</div>";
Каталог|Луковицы нарцисса;Нарцисс Эппл Пай, (сплит, роз.) 5 шт;Нарцисс Эппл Пай, (сплит, роз.) 5 шт;1 196;https://klubsadprof.ru/upload/iblock/b9f/hdygdmhszkfan7kxc5izt44w7r55dx5h/417.jpg;"<div class=""product-description-inner tab-active"" data-tab-content=""product-description-1"">
<div class=""product-description-title"">Описание</div>
<div class=""product-description-text"">
						Относится к группе розовых редких. Высота растения 40 см.Цветок одиночный. Окрас белый, с розовой волнистой коронкой и светло-розовой серединой. Диаметр цветка 9,5-10 см. Посадка - август - начало сентября. Глубина посадки 15-20 см, на расстоянии 10-12 см друг от друга. Цветение начинается с середины мая. К почве особенных требований нет, но при условии, что она хорошо дренирована. Расположение для посадки -  солнечные места или полутень. Нарцисс широко используется в озеленении, как раннецветущее растение, в клумбах, рабатках, группах между кустарниками, отдельными пятнами.					</div>
<section class=""slider-info"">
</section>
</div>";
Каталог|Луковицы нарцисса;Нарцисс Абба, (мнгцв.махр.) 8 шт;Нарцисс Абба, (мнгцв.махр.) 8 шт;1 023;https://klubsadprof.ru/upload/iblock/eca/eicdwh1akrmzr08fty1pg4r6cwfe1b9m/abba4_scaled.jpg;"<div class=""product-description-inner tab-active"" data-tab-content=""product-description-1"">
<div class=""product-description-title"">Описание</div>
<div class=""product-description-text"">
						Относится к группе махровые многоцветковые. Высота растения 45-60 см. Цветок молочно- белый с оранжевым центром. На цветоносе до пяти махровых цветков. Диаметр цветка 6-7 см. Посадка - август - начало сентября. Глубина посадки 15-20 см, на расстоянии 10-12 см друг от друга. Цветение начинается с середины мая. Средне ранний срок цветения. К почве особых требований нет, но при условии что хорошо дренирована. Расположение для посадки - солнечные места или полутень. Нарцисс широко используется в озеленении, как раннецветущее растение, в клумбах, рабатках, группах между кустарниками, отдельными пятнами.					</div>
<section class=""slider-info"">
</section>
</div>";
Каталог|Луковицы нарцисса;Нарцисс Минноу, (мнгцв.) 8 шт;Нарцисс Минноу, (мнгцв.) 8 шт;587;https://klubsadprof.ru/upload/iblock/e9b/h50fe3fctso2ecy2x7juag3r9yr22acz/406.jpg;"<div class=""product-description-inner tab-active"" data-tab-content=""product-description-1"">
<div class=""product-description-title"">Описание</div>
<div class=""product-description-text"">
						Бутон в виде белой воронки с отогнутыми лепестками, а по центру коронка насыщенно жёлтого цвета, похожая на колокольчик. Листья зеленного цвета тонкие, длинные.

Сорт обладает насыщенным, приятным ароматом. Поэтому отлично подходят для выращивания дома, а также для срезки. Морозоустойчивое растение, однако, рекомендуем до наступления холодов проводить мульчирование почвы торфом, листьями или соломой.

Высота 15 см					</div>
<section class=""slider-info"">
</section>
</div>";
Каталог|Луковицы нарцисса;Нарцисс Лов Колл, (сплит гофр.) 8 шт;Нарцисс Лов Колл, (сплит гофр.) 8 шт;997;https://klubsadprof.ru/upload/iblock/951/it5cu1lefvl4340jvtzm6pd71a6yf00h/365.jpg;"<div class=""product-description-inner tab-active"" data-tab-content=""product-description-1"">
<div class=""product-description-title"">Описание</div>
<div class=""product-description-text"">
						Группа этих красоток со слегка наклоненными бутонами напоминает порхающих в поле бабочек. Высокие стебли венчают потрясающие цветы. Мандариновая разрезная коронка (окраска краев переходит в абрикосово-желтый) обрамлена крупными лепестками цвета слоновой кости.					</div>
<section class=""slider-info"">
</section>
</div>";
Каталог|Луковицы нарцисса;Нарцисс Мон Шери, (крупн. гофр.) 8 шт;Нарцисс Мон Шери, (крупн. гофр.) 8 шт;980;https://klubsadprof.ru/upload/iblock/53d/27ij4ae5nbnr8jgzektw1z5x0b71e4qr/366.jpg;"<div class=""product-description-inner tab-active"" data-tab-content=""product-description-1"">
<div class=""product-description-title"">Описание</div>
<div class=""product-description-text"">
						Относится к группе крупно-корончатых. Высота растения до 45 см. Цветок: белые цветки с крупными розовыми гофрированными коронками. Диаметр цветка около 10 см. Посадка - август - начало сентября. Глубина посадки 15-20 см на расстоянии 10-12 см друг от друга. Цветение начинается с середины мая. К почве особенных требований нет, но при условии, что она хорошо дренирована. Расположение для посадки -  солнечные места или полутень. Нарцисс широко используется в озеленении, как раннецветущее растение, в клумбах, рабатках, группах между кустарниками, отдельными пятнами.					</div>
<section class=""slider-info"">
</section>
</div>";
Каталог|Луковицы нарцисса;Нарцисс Гай Табор, махр. 5 шт;Нарцисс Гай Табор, махр. 5 шт;927;https://klubsadprof.ru/upload/iblock/d72/iju3hhppjz07ku400lta069c9vjgbcqz/387.jpg;"<div class=""product-description-inner tab-active"" data-tab-content=""product-description-1"">
<div class=""product-description-title"">Описание</div>
<div class=""product-description-text"">
						Нарцисс Гай Табор крупный, густомахровый цветок слоновой кости, с золотисто-оранжевой многослойной махровой коронкой. Диаметр цветка 11 см. Высота растения 45 см.					</div>
<section class=""slider-info"">
</section>
</div>";
Каталог|Луковицы нарцисса;Нарцисс Санлайт Сенсейшн, (мнгцв.) 8 шт;Нарцисс Санлайт Сенсейшн, (мнгцв.) 8 шт;1 020;https://klubsadprof.ru/upload/iblock/b53/a00o9lidzuj7scztf90qzjj21fp1owgm/410.jpg;"<div class=""product-description-inner tab-active"" data-tab-content=""product-description-1"">
<div class=""product-description-title"">Описание</div>
<div class=""product-description-text"">
						Невероятные нарцисс  «Солнце»! Поможет решить любые ландшафтные задачи и  произведёт настоящую сенсацию, засыпав сияющими ароматными россыпями цветник. Каждая луковица даёт по 4 цветоноса с 4-6 звёздчатыми цветками на каждом! Диаметр ароматного золотисто-жёлтого цветка с более насыщенным оттенком на коронке - 6 см. Переливчатое мерцание солнечного света наполнит весенний сад волшебством и ожиданием чуда.					</div>
<section class=""slider-info"">
</section>
</div>";
Каталог|Луковицы нарцисса;Нарцисс Сэр Уинстон Черчиль, (мнгцв.махр.) 10 шт;Нарцисс Сэр Уинстон Черчиль, (мнгцв.махр.) 10 шт;967;https://klubsadprof.ru/upload/iblock/27f/35strvvp1oby4bo12oc4omf0l61a33yd/nartsiss_ser_uinston_cherchil_mngtsv_makhr_10_sht.jpg;"<div class=""product-description-inner tab-active"" data-tab-content=""product-description-1"">
<div class=""product-description-title"">Описание</div>
<div class=""product-description-text"">
						Нарцисс Сэр Уинстон Черчиль / Sir Winston Churchill - многоцветковый, махровый сорт. Расцветая образует кремово -белые лепестки с оранжевыми бликами, оранжево-красное сердце. На одном цветоносе формируется до 4-5 бутонов, цветоносы высокие, прочные 45-60 см. Аромат приятный и очень нежный. Продолжительность цветения - до 3-4 недель. 

Нарцисс называют цветком весны. Свое не обычное название нарцисс получил благодаря мифу о самовлюбленном юноше Нарциссе, превращенным богиней Афродитой в цветок.

Он украшает как садовые клумбы, так он  может расти среди трав в лугах, около водоёмов, на пологих склонах гор. Выглядит цветок очень заманчиво и нежно.

Бутон с шестью лепестками и объёмной серединкой, есть и «махровые» формы. Характерные для нарцисса цвета — белый и жёлтый. На самом деле существуют всевозможные тона и оттенки этих двух цветов (бывают с добавлением розовым, кремовым, оранжевым и даже красным).					</div>
<section class=""slider-info"">
</section>
</div>";
Каталог|Луковицы нарцисса;Нарцисс Паризьен, (сплит гофр.) 8 шт;Нарцисс Паризьен, (сплит гофр.) 8 шт;997;https://klubsadprof.ru/upload/iblock/991/0ec1sxsjdch4gz9c1ncsq26wpntmn81n/371.jpg;"<div class=""product-description-inner tab-active"" data-tab-content=""product-description-1"">
<div class=""product-description-title"">Описание</div>
<div class=""product-description-text"">
						Нарцисс сплит-корона Паризьен – эффектный луковичный многолетник весеннего цветения с открытыми белыми цветами, украшенными широкой волнистой коронкой оранжевого оттенка. Очень нарядный сорт, отлично подходит для выращивания в клумбах и выгонки к праздникам. Высота – около 45 см.					</div>
<section class=""slider-info"">
</section>
</div>";
Каталог|Луковицы нарцисса;Нарцисс Грейт Лип, махр. 10 шт;Нарцисс Грейт Лип, махр. 10 шт;1 064;https://klubsadprof.ru/upload/iblock/2ff/ai2z3fvbp6s55jmr4yxs140vjh11xetk/388.jpg;"<div class=""product-description-inner tab-active"" data-tab-content=""product-description-1"">
<div class=""product-description-title"">Описание</div>
<div class=""product-description-text"">
						Нарцисс махровый Грейт Липс - модная новинка! Крупный пышный цветок, лепестки сливочно-желтые, коронка ярко-лимонная. Растет на любой почве при условии, что она хорошо дренирована и плодородна. Махровые нарциссы неприхотливы и нарядны. На одном месте могут оставаться 3-5 лет. Идеальны для украшения клумб, срезки, выращивания в контейнерах. Лучшие партнеры - гиацинты, тюльпаны, пролески, крокусы и морозники.					</div>
<section class=""slider-info"">
</section>
</div>";
Каталог|Луковицы нарцисса;Нарцисс Тото, бот. 10 шт;Нарцисс Тото, бот. 10 шт;995;https://klubsadprof.ru/upload/iblock/3f4/8mndr0qwtapzngbbjlq4ezj3o4v7tjhk/379.jpg;"<div class=""product-description-inner tab-active"" data-tab-content=""product-description-1"">
<div class=""product-description-title"">Описание</div>
<div class=""product-description-text"">
						Относится к группе ботанические. Высота растения 25 см. Цветок  нежный, белый с кремовой цилиндрической коронкой. Диаметр цветка около 10 см. Посадка - август - начало сентября. Глубина посадки 15-20 см, на расстоянии 10-12 см друг от друга. Цветение начинается с середины мая. К почве особенных требований нет, но при условии, что она хорошо дренирована. Расположение для посадки -  солнечные места или полутень. Нарцисс широко используется в озеленении, как раннецветущее растение, в клумбах, рабатках, группах между кустарниками, отдельными пятнами.					</div>
<section class=""slider-info"">
</section>
</div>";
Каталог|Луковицы нарцисса;Нарцисс Ёрлишер, (мнгцв.махр.) 5 шт;Нарцисс Ёрлишер, (мнгцв.махр.) 5 шт;882;https://klubsadprof.ru/upload/iblock/0eb/oqfa51wefy5zwkk3j8bvxir7ivjhl017/403.jpg;"<div class=""product-description-inner tab-active"" data-tab-content=""product-description-1"">
<div class=""product-description-title"">Описание</div>
<div class=""product-description-text"">
						Нарцисс мини Ерлишер – многоцветковый сорт с ванильно-молочными душистыми цветками махровой формы. Луковичный многолетник, на одном месте можно выращивать более 3 лет. Высота – 25 см. Диаметр одного цветка – 4 см.					</div>
<section class=""slider-info"">
</section>
</div>";
Каталог|Луковицы нарцисса;Нарцисс Гай Кибо, махр. 5 шт;Нарцисс Гай Кибо, махр. 5 шт;994;https://klubsadprof.ru/upload/iblock/bc9/yng5hztz8lq1swgdpj85bcb54h0iw480/386.jpg;"<div class=""product-description-inner tab-active"" data-tab-content=""product-description-1"">
<div class=""product-description-title"">Описание</div>
<div class=""product-description-text"">
						Нарцисс махровый Гай Кибо - крупноцветковый сорт. Цветонос мощный. Белоснежный цветок с оранжево-розовым центром, диаметр цветка до 14 см. Цветение начинается с середины мая. Растение неприхотливое, хорошо растет как на открытых, так и на слегка затененных участках, защищенных от сильных ветров. Используется для озеленения, как раннецветущее растение, в клумбах, рабатках, группах между кустарниками, отдельными пятнами.					</div>
<section class=""slider-info"">
</section>
</div>";
Каталог|Луковицы нарцисса;Нарцисс Пинк Шарм, (крупнокор.) 8 шт;Нарцисс Пинк Шарм, (крупнокор.) 8 шт;863;https://klubsadprof.ru/upload/iblock/e42/xlz0r6zhri0omcntxm5xco4x6j89sg7t/372.jpg;"<div class=""product-description-inner tab-active"" data-tab-content=""product-description-1"">
<div class=""product-description-title"">Описание</div>
<div class=""product-description-text"">
						Этот удивительный цветок относится к группе крупнокорончатых нарциссов. Высокий стройный стебель венчает крупный бутон, который превращается в удивительный нежный цветок молочного тона с яркой коронкой цвета утренней зари. Сорт подходит для декорирования клумб, выгонки в теплицах и срезки в букеты. Очаровательный крупный цветок обладает благоухающим ароматом – чудесный сорт для вашего сада. Зимостойкость у сорта высокая, луковицы не вымерзают даже в сильные морозы, но для подстраховки можно накрыть клумбы лапником, матами из соломы или камыша.					</div>
<section class=""slider-info"">
</section>
</div>";
Каталог|Луковицы нарцисса;Нарцисс Уайт Чирфулнесс, (мнгцв.махр.) 8 шт;Нарцисс Уайт Чирфулнесс, (мнгцв.махр.) 8 шт;813;https://klubsadprof.ru/upload/iblock/64d/onl8moq2a0qq7a6dyxspyzqkqu38qf02/412.jpg;"<div class=""product-description-inner tab-active"" data-tab-content=""product-description-1"">
<div class=""product-description-title"">Описание</div>
<div class=""product-description-text"">
						Относится к группе махровые многоцветковые. Высота растения 45 см. Цветок белый с бело-желтой махровой коронкой. На цветоносе до пяти махровых цветков. Диаметр цветка 6-7 см. Посадка - август - начало сентября. Глубина посадки 15-20 см, на расстоянии 10-12 см друг от друга. Цветение начинается с середины мая. Средне ранний срок цветения. К почве особых требований нет, но при условии что хорошо дренирована. Расположение для посадки - солнечные места или полутень. Нарцисс широко используется в озеленении, как раннецветущее растение, в клумбах, рабатках, группах между кустарниками, отдельными пятнами.					</div>
<section class=""slider-info"">
</section>
</div>";
Каталог|Луковицы нарцисса;Нарцисс Айс Кинг, махр. 8 шт;Нарцисс Айс Кинг, махр. 8 шт;858;https://klubsadprof.ru/upload/iblock/2ef/z5ypjpp5f283p9wba7xohkn41cdb1uev/383.jpg;"<div class=""product-description-inner tab-active"" data-tab-content=""product-description-1"">
<div class=""product-description-title"">Описание</div>
<div class=""product-description-text"">
						Не зря этот сорт носит название «Ледяной Король» - сливочные лепестки и нежная махровая коронка кремово-желтого цвета похожи на горделивого принца в мантии. Коронка низкая, сильно изрезанная, густая. Цветок отличается изяществом и грациозностью. Волны слабого аромата сопровождают цветение этих очаровательных нарциссов. Растения прекрасно растут и зимуют в открытом грунте, в сильные морозы можно укрыть клумбы снегом и утепляющими материалами. Ранней весной нужно снять утепление с клумб.					</div>
<section class=""slider-info"">
</section>
</div>";
Каталог|Луковицы нарцисса;Нарцисс Джетфайр, (трубч.) 10 шт;Нарцисс Джетфайр, (трубч.) 10 шт;713;https://klubsadprof.ru/upload/iblock/647/8ss9iqvjjpluhf0odwgq78kkygj8e32v/359.jpg;"<div class=""product-description-inner tab-active"" data-tab-content=""product-description-1"">
<div class=""product-description-title"">Описание</div>
<div class=""product-description-text"">
						Лепестки околоцветника округлые, ярко-желтые, отогнуты назад. Трубка ярко-оранжевая, край гофрированный, немного темнее.					</div>
<section class=""slider-info"">
</section>
</div>";
Каталог|Луковицы нарцисса;Нарцисс Капфайтер, (крупнокор.) 5 шт;Нарцисс Капфайтер, (крупнокор.) 5 шт;1 107;https://klubsadprof.ru/upload/iblock/521/tsopso3ti6diomt8hg6xyfgjcpg81j66/361.jpg;"<div class=""product-description-inner tab-active"" data-tab-content=""product-description-1"">
<div class=""product-description-title"">Описание</div>
<div class=""product-description-text"">
						Относится к группе разрезнокоротчатый. Высота растения 30-35 см. Цветки желтые, крупного размера от 10 до 12 см, распускаются уже с конца апреля и цветут в течение трех недель. Посадка - август - начало сентября. Глубина посадки 15-20 см на расстоянии 10-12 см друг от друга. К почве особенных требований нет, но при условии, что она хорошо дренирована. Расположение для посадки -  солнечные места или полутень. Нарцисс широко используется в озеленении, как раннецветущее растение, в клумбах, рабатках, группах между кустарниками, отдельными пятнами.					</div>
<section class=""slider-info"">
</section>
</div>";
Каталог|Луковицы нарцисса;Нарцисс Май Стори, махр. 8 шт;Нарцисс Май Стори, махр. 8 шт;1 435;https://klubsadprof.ru/upload/iblock/488/d4jylnpnh2es3923cs10e1hoyoa70f82/393.jpg;"<div class=""product-description-inner tab-active"" data-tab-content=""product-description-1"">
<div class=""product-description-title"">Описание</div>
<div class=""product-description-text"">
						В рейтинге самых популярных луковичных растений, которые цветут весной, нарциссы занимают лидирующие позиции. Благодаря своей простоте в уходе, привлекательному внешнему виду и существованию множества видов нарциссы очень часто используют для оформления садовых участков, клумб и дома (поскольку их можно выращивать даже в горшках). Посадив нарциссы на территории своего сада, вы будете каждую весну радоваться богатому урожаю. Нарцисс Май Стори относится в группе махровых нарциссов. Высота цветоноса нарцисса – 30-45 см, диаметр цветка может достигать 8-10 см. Раскраска цветка – белая с элементами розового.					</div>
<section class=""slider-info"">
</section>
</div>";
Каталог|Луковицы нарцисса;Нарцисс Мондрагон, (сплит) 8 шт;Нарцисс Мондрагон, (сплит) 8 шт;1 235;https://klubsadprof.ru/upload/iblock/362/e31a1y80s4ozyn48tnao49ungdzta0sz/367.jpg;"<div class=""product-description-inner tab-active"" data-tab-content=""product-description-1"">
<div class=""product-description-title"">Описание</div>
<div class=""product-description-text"">
						Нарцисс сплит-корона Мондрегон — эффектный сорт с жизнерадостной двухцветной окраской цветка, чья разрезная ярко-оранжевая корона пламенеет на фоне солнечно-желтого венчика. Цветение раннее, в апреле-мае. Narcissus Split Corona Mondragon используются для оформления клумб, бордюров, рокариев, альпийских горок, долго сохраняют свежесть в срезке.					</div>
<section class=""slider-info"">
</section>
</div>";
Каталог|Луковицы нарцисса;Нарцисс Шарм!, ( 5 шт);Нарцисс Шарм!, ( 5 шт);1 306;https://klubsadprof.ru/upload/iblock/da7/lajummqmq1um0aeouwfyzp3n4mfjbz6c/416.jpg;"<div class=""product-description-inner tab-active"" data-tab-content=""product-description-1"">
<div class=""product-description-title"">Описание</div>
<div class=""product-description-text"">
						Нарцисс Пинк Шарм один из самых раннецветущих, при этом цветение длится 3 недели. Высота цветоносов 35 см, диаметр цветка 10 см. Цветки очень нежные – белые лепестки контрастируют с розово-желтой коронкой. Коронка (трубка) с гофрированным краем и глазком в центре. Цветки расположены горизонтально и имеют нежный аромат.
Месторасположение. Предпочитают солнечные или слегка притененные участки без застоя воды. Почва должна быть питательная, легкая, воздухопроницаемая, обработанная на глубину не менее 40 см (на два штыка лопаты), с нейтральной реакцией (pH=7). Нельзя осуществлять посадку на участки, на которых выращивались луковичные культуры, т.к. они поражаются общими болезнями и вредителями.					</div>
<section class=""slider-info"">
</section>
</div>";
Каталог|Луковицы нарцисса;Нарцисс Авалон, (крупнокор.) 5 шт;Нарцисс Авалон, (крупнокор.) 5 шт;711;https://klubsadprof.ru/upload/iblock/090/9mko7i0kb9lx0371zc8h9nupnbxdlbr4/347.jpg;"<div class=""product-description-inner tab-active"" data-tab-content=""product-description-1"">
<div class=""product-description-title"">Описание</div>
<div class=""product-description-text"">
						Крупноцветковый нарцисс Авалон впечатляет окружающих удивительной красотой. Его лепестки правильной полукруглой формы широко распахнуты и сияют солнечным цветом. Внутри красуется трепетно-нежная светлая корона, которую оттеняет желтая серединка. Высота растения достигает 40 см. Используется в смешанных композициях, наполняет живописным разнообразием весенний сад. Отлично подходит для групповых монопосадок и бордюрных рядов. Зацветает в апреле-мае.					</div>
<section class=""slider-info"">
</section>
</div>";
Каталог|Луковицы нарцисса;Нарцисс Альтруист (крупнокор.) 5 шт;Нарцисс Альтруист (крупнокор.) 5 шт;833;https://klubsadprof.ru/upload/iblock/4b1/x49jgp68wmuin5ikee0x8pobimb1lz39/350.jpg;"<div class=""product-description-inner tab-active"" data-tab-content=""product-description-1"">
<div class=""product-description-title"">Описание</div>
<div class=""product-description-text"">
						Нарцисс мелкокорончатый Альтруист - красивый и ароматный представитель рода с крупными цветами кремово-оранжевого оттенка и яркой оранжевой коронкой с волнистым ободком. Бутоны распускаются с апреля по май (в зависимости от региона), подходят для срезки, оформления клумб, альпийских горок, газонов.					</div>
<section class=""slider-info"">
</section>
</div>";
Каталог|Луковицы нарцисса;Нарцисс Вествард, махр. 8 шт;Нарцисс Вествард, махр. 8 шт;1 305;https://klubsadprof.ru/upload/iblock/92d/6fe3r34ln62whsvwn0dnsojwoasdcthr/384.jpg;"<div class=""product-description-inner tab-active"" data-tab-content=""product-description-1"">
<div class=""product-description-title"">Описание</div>
<div class=""product-description-text"">
						Удивительный сорт нарцисса, который вам вскружит голову. Его махровые, светлые солнечные цветки покоряют с первого взгляда. Это один из лучших среднецветущих сортов, который относится к группе Махровые нарциссы (Division 4 – Double). Название сорта звучит в переводе как «Направленный к западу».
Данный нарцисс вырастает до 30-45 см в высоту и до 10-20 см в ширину. Его цветки крупного размера. Они полностью махровые: имеют дополнительные лепестки (доли околоцветника) или имеют махровую коронку (трубку), а иногда и то и другое. Этот эффект делает их очень интересными.					</div>
<section class=""slider-info"">
</section>
</div>";
Каталог|Луковицы нарцисса;Нарцисс Вулканелло, махр. 3 шт;Нарцисс Вулканелло, махр. 3 шт;855;https://klubsadprof.ru/upload/iblock/91d/hgji0m702fpdgvrbqfl4rz40iidj6ps8/385.jpg;"<div class=""product-description-inner tab-active"" data-tab-content=""product-description-1"">
<div class=""product-description-title"">Описание</div>
<div class=""product-description-text"">
						Нарцисс Вулканелло требует только восхищения! Несмотря на свой экзотический вид, это один из самых выносливых и сильных сортов, которые мы только встречали. А ведь помимо общей растительной характеристики, посмотрите, насколько прекрасны его цветы! Яркий, эклектический, жёлтый цвет крупных лепестков, которые располагаются в несколько рядов, выступает фоном для невысокой, но махровой и густой коронки. Переплетение коронки с лепестками, как это обычно бывает у махровых нарциссов, делает цветы ещё пышнее и смешивает два оттенка, которые взаимодействуют друг с другом. Высота нарцисса 55 см. Сорт Вулканелло изумительно смотрится с сортом Классик Гарден, ведь цвет последнего абсолютно идентичен Вулканелло, только он не махровый, а обычный корончатый сорт. В итоге красивое сочетание форм при таком ярком цвете подарит красочную композицию вашему саду.

Нарциссы Вулканелло не любят мест, где высокие грунтовые воды или слишком тяжёлые глинистые почвы. Собственно, как и большинство растений сада. Поэтому заранее позаботьтесь о дренаже: или выберите подходящее место для посадки, или же приподнимите клумбу. Также в лунку – перед тем, как в неё посадить луковицу, – насыпьте крупного песка, чтобы также сделать небольшой дренажный эффект. Нарцисс Вулканелло, так как он может расти в лёгкой тени, можно для эксперимента посадить в лёгкую ажурную тень от деревьев вместе с мускари (например, Горная Леди). Контраст между растениями будет сильным, однако именно это и позволит сделать посадку интересной. Также нарцисс будет хорошо дополнять парадный вход в дом. Яркие махровые блики будут заметны всем гостям вашего дома!					</div>
<section class=""slider-info"">
</section>
</div>";
Каталог|Луковицы нарцисса;Нарцисс Дабл Кампернель, махр. 8 шт;Нарцисс Дабл Кампернель, махр. 8 шт;969;https://klubsadprof.ru/upload/iblock/e08/zcxj7hv3zpuhkgg6s0drmypf5xyi7fs9/389.jpg;"<div class=""product-description-inner tab-active"" data-tab-content=""product-description-1"">
<div class=""product-description-title"">Описание</div>
<div class=""product-description-text"">
						Махровый, многоцветковый, ароматный нарцисс. Два-четыре многослойных цветка с заострёнными околоцветниками на цветоносе. Чудесный выбор для балконного ящика и патио-контейнера! Отлично смотрится в саду рядом с белыми нарциссами, ранними тюльпанами, мелколуковичными и многолетниками. Ароматный букет растопит любое сердце, ведь цветы так похожи на миниатюрные розочки.					</div>
<section class=""slider-info"">
</section>
</div>";
Каталог|Луковицы нарцисса;Нарцисс Дельта, (сплит) 8 шт;Нарцисс Дельта, (сплит) 8 шт;1 231;https://klubsadprof.ru/upload/iblock/82b/ltbehexxy8aremrukapay6p7f9c02y7h/358.jpg;"<div class=""product-description-inner tab-active"" data-tab-content=""product-description-1"">
<div class=""product-description-title"">Описание</div>
<div class=""product-description-text"">
						Нарцисс сплит-корона Дельта относится к молодой группе, объединяющей представителей с необычной структурой цветков. Он отличается круглой белоснежной основой, которую перекрывают широкие овальные лепестки. Сплит-корона напоминает яркую звезду, украшенную белой каемкой. Цветки размером до 12 см в диаметре крепко удерживаются на гибком цветоносе высотой до 35 см. Используется в дизайне ландшафтов. Украшает композиции у беседок и зон отдыха. Отлично смотрится в густых сольных посадках вдоль бордюров.					</div>
<section class=""slider-info"">
</section>
</div>";
Каталог|Луковицы нарцисса;Нарцисс Донау Парк, (крупнокор.) 8 шт;Нарцисс Донау Парк, (крупнокор.) 8 шт;1 049;https://klubsadprof.ru/upload/iblock/644/nt0ij16c9r4botoywjeiblul4rujsyam/360.png;"<div class=""product-description-inner tab-active"" data-tab-content=""product-description-1"">
<div class=""product-description-title"">Описание</div>
<div class=""product-description-text"">
						Относится к группе крупно-корончатых. Высота растения до 35 см. Цветок: кремово-желтый околоцветник, коронка с белыми и желтыми полосками на заворачивающихся лепестках, формой ""звезды"". Диаметр цветка около 10 см. Посадка - август - начало сентября. Глубина посадки 15-20 см на расстоянии 10-12 см друг от друга. Цветение начинается с середины мая. К почве особенных требований нет, но при условии, что она хорошо дренирована. Расположение для посадки - солнечные места или полутень. Нарцисс широко используется в озеленении, как раннецветущее растение, в клумбах, рабатках, группах между кустарниками, отдельными пятнами.					</div>
<section class=""slider-info"">
</section>
</div>";
Каталог|Луковицы нарцисса;Нарцисс Колор Ран, (крупнокор.) 5 шт;Нарцисс Колор Ран, (крупнокор.) 5 шт;991;https://klubsadprof.ru/upload/iblock/d79/pxnamkirxur6bube5llgqybwj160jcc3/363.jpg;"<div class=""product-description-inner tab-active"" data-tab-content=""product-description-1"">
<div class=""product-description-title"">Описание</div>
<div class=""product-description-text"">
						Нарцисс ""Колор Ран"" - раннецветущий, многолетний сорт. Луковицы нарциссов среднего размера, отлично приживаются при любых климатических условиях. Цветки крупного размера, желтые с оранжевой гофрированной коронкой. Растение неприхотливое в выращивании, стебель прямостоячий, крепкий. Крупнокорончатые нарциссы пользуются особой популярностью в декоративном садоводстве, их выращивают в открытом грунте на клумбах.					</div>
<section class=""slider-info"">
</section>
</div>";
Каталог|Луковицы нарцисса;Нарцисс Конгресс, (сплит) 8 шт;Нарцисс Конгресс, (сплит) 8 шт;1 015;https://klubsadprof.ru/upload/iblock/f68/2sg3iw88l97adai3wvpal02bqn8v5qzr/364.jpg;"<div class=""product-description-inner tab-active"" data-tab-content=""product-description-1"">
<div class=""product-description-title"">Описание</div>
<div class=""product-description-text"">
						Крупные цветки насыщенной золотой окраски будут гармонично дополнять весенние луковичные клумбы!					</div>
<section class=""slider-info"">
</section>
</div>";
Каталог|Луковицы нарцисса;Нарцисс Куэйл, (мнгцв.) 10 шт;Нарцисс Куэйл, (мнгцв.) 10 шт;969;https://klubsadprof.ru/upload/iblock/e7e/cpod8frx7dbzn5jw2tvo722eqb4uzckf/405.jpg;"<div class=""product-description-inner tab-active"" data-tab-content=""product-description-1"">
<div class=""product-description-title"">Описание</div>
<div class=""product-description-text"">
						Нарцисс Куэйл относится к группе махровые многоцветковые. Высота растения до 50 см. Цветок насыщенно-желтый с яркой оранжевой серединкой. Диаметр цветка около 5-7 см. Посадка - август - начало сентября. Глубина посадки 15-20 см, на расстоянии 10-12 см друг от друга. Цветение начинается с середины мая. К почве особенных требований нет, но при условии, что она хорошо дренирована. Расположение для посадки - солнечные места или полутень. Нарцисс широко используется в озеленении, как раннецветущее растение, в клумбах, рабатках, группах между кустарниками, отдельными пятнами.					</div>
<section class=""slider-info"">
</section>
</div>";
Каталог|Луковицы нарцисса;Нарцисс Оранджери, (сплит гофр.) 10 шт;Нарцисс Оранджери, (сплит гофр.) 10 шт;1 070;https://klubsadprof.ru/upload/iblock/26f/v86j3q9kw39xc56f2fa5h7k90a6dbg6r/369.jpg;"<div class=""product-description-inner tab-active"" data-tab-content=""product-description-1"">
<div class=""product-description-title"">Описание</div>
<div class=""product-description-text"">
						Роскошный белый околоцветник, слегка перекрытый ярко-оранжевой сплит-короной.					</div>
<section class=""slider-info"">
</section>
</div>";
Каталог|Луковицы нарцисса;Нарцисс Оранж Джус, махр. 8 шт;Нарцисс Оранж Джус, махр. 8 шт;1 183;https://klubsadprof.ru/upload/iblock/b74/c55yep6d1rezqeb3jsujksogners49yg/395.jpg;"<div class=""product-description-inner tab-active"" data-tab-content=""product-description-1"">
<div class=""product-description-title"">Описание</div>
<div class=""product-description-text"">
						Крупные цветки (до 10 см в диаметре) с эффектным сочетанием оттенков. Абрикосовые лепестки и оранжево-желтая махровая коронка. Яркие цветки гарантировано распустятся, даже если вы высадите небольшие по размеру луковицы.					</div>
<section class=""slider-info"">
</section>
</div>";
Каталог|Луковицы нарцисса;Нарцисс Пипит, (жонк.,многоцв.) 10 шт;Нарцисс Пипит, (жонк.,многоцв.) 10 шт;967;https://klubsadprof.ru/upload/iblock/102/s1c1xv77jj8ru7xx71xmor2r7l41734z/409.jpg;"<div class=""product-description-inner tab-active"" data-tab-content=""product-description-1"">
<div class=""product-description-title"">Описание</div>
<div class=""product-description-text"">
						Лепестки у коронки белые, ближе к краям становятся насыщенно-лимонного цвета. Сама корона белоснежная, гофрированная. Аромат очень приятный. Цветение раннее, своей красотой нарцисс Pipit порадует вас уже в первой половине марта. Подходит для посадки на альпийских горках, вдоль бордюров, или просто в контейнерах. Великолепно походит для срезки и выгонки.

Высота 20 см, диаметр цветка 5 см					</div>
<section class=""slider-info"">
</section>
</div>";
Каталог|Луковицы нарцисса;Нарцисс Флауэр Парад, махр. 5 шт;Нарцисс Флауэр Парад, махр. 5 шт;799;https://klubsadprof.ru/upload/iblock/b82/l460o4hzck8f19gdnpovzh478e1knjqj/399.jpg;"<div class=""product-description-inner tab-active"" data-tab-content=""product-description-1"">
<div class=""product-description-title"">Описание</div>
<div class=""product-description-text"">
						Нарцисс Флауэр Парад относится к группе Махровых и имеет диаметр бутона до 15 сантиметров. Двойной ряд лепестков зачаровывает своей красотой. Каждая луковица дает до 4 цветков, запах которых отдает легким мускатом.					</div>
<section class=""slider-info"">
</section>
</div>";
Каталог|Луковицы нарцисса;Нарцисс Элвинс Воис, (мнгцв.) 5 шт;Нарцисс Элвинс Воис, (мнгцв.) 5 шт;997;https://klubsadprof.ru/upload/iblock/55f/1pbr47b17n3obzx2oqzl40lql9a9fxb1/413.jpg;"<div class=""product-description-inner tab-active"" data-tab-content=""product-description-1"">
<div class=""product-description-title"">Описание</div>
<div class=""product-description-text"">
						Селекционеры назвали новый нарцисс в честь  Элвина Макдональда — ботанического педагога и посла Большого ботанического сада Де-Мойн (США, шт. Айова). Представляя нарцисс широкой публике авторы выразили надежду на то, что многочисленные сливочно-белые ароматные цветки, заполняющие сад, заставят вас петь от счастья! И есть от чего — сразу 3 цветка на цветоносе! Белоснежные цветки с широкой короной точно стая маленьких ангелов заполняют сад, оттеняя кобальтовую окраску мускари, нежные оттенки весенних анемон и жёлтых нарциссов. Отлично впишутся в компанию ярких королевских рябчиков.					</div>
<section class=""slider-info"">
</section>
</div>";
Каталог|Луковицы нарцисса;Нарцисс Априкот Вирл (сплит) 5 шт;Нарцисс Априкот Вирл (сплит) 5 шт;897;https://klubsadprof.ru/upload/iblock/29f/i91xowwn1zeyh001751esja3l2wx5a6e/Nartsiss-Aprikot-Virl-_split_-5-sht.jpg;"<div class=""product-description-inner tab-active"" data-tab-content=""product-description-1"">
<div class=""product-description-title"">Описание</div>
<div class=""product-description-text"">
						Очень эффектный сорт! Цветы крупные, белые с широкой волнистой коронкой нежно-лососевого цвета, и желтым центром.					</div>
<section class=""slider-info"">
</section>
</div>";
Каталог|Луковицы нарцисса;Нарцисс Белла Виста, (крупн. гофр.) 8 шт;Нарцисс Белла Виста, (крупн. гофр.) 8 шт;1 283;https://klubsadprof.ru/upload/iblock/b84/7wtn3cyyqul7egz9dxszcdrmz2nodrod/354.jpg;"<div class=""product-description-inner tab-active"" data-tab-content=""product-description-1"">
<div class=""product-description-title"">Описание</div>
<div class=""product-description-text"">
						Нарцисс Белла Виста относится к премиальным белым крупнокорочатым сортам, специально выведенным для коммерческой выгонки под срезку. В любительском цветоводстве растение подолгу сохраняет сортовые характеристики и ежегодно дает предсказуемый результат по срокам и качеству цветения. Цветоносы высокие, цветки крупные, более 10 см в диаметре, лепестки молочно-белые, коронка гофрированная, ярко-оранжевая. Зацветает в мае и подолгу держится на клумбе и в букете без потери формы. Обладает насыщенным приятным ароматом.					</div>
<section class=""slider-info"">
</section>
</div>";
Каталог|Луковицы нарцисса;Нарцисс Хромоколор, (крупнокор.) 8 шт;Нарцисс Хромоколор, (крупнокор.) 8 шт;1 043;https://klubsadprof.ru/upload/iblock/563/f1mq60qjn69i68qva4w1vfsll4rri4eb/381.jpg;"<div class=""product-description-inner tab-active"" data-tab-content=""product-description-1"">
<div class=""product-description-title"">Описание</div>
<div class=""product-description-text"">
						Относится к группе крупно-корончатых. Высота растения до 35 см. Цветок белый, коронка оранжево-розовая, слегка гофрированная. Диаметр цветка около 10 см. Посадка - август - начало сентября. Глубина посадки 15-20 см, на расстоянии 10-12 см друг от друга. Цветение начинается с середины мая. К почве особенных требований нет, но при условии, что она хорошо дренирована. Расположение для посадки -  солнечные места или полутень. Нарцисс широко используется в озеленении, как раннецветущее растение, в клумбах, рабатках, группах между кустарниками, отдельными пятнами.					</div>
<section class=""slider-info"">
</section>
</div>";
Каталог|Луковицы нарцисса;Нарцисс Айс Фоллис, (крупнокор.) 8 шт;Нарцисс Айс Фоллис, (крупнокор.) 8 шт;890;https://klubsadprof.ru/upload/iblock/855/nmuph2s88o71gi5l3hr52eawn51mrtx7/348.jpg;"<div class=""product-description-inner tab-active"" data-tab-content=""product-description-1"">
<div class=""product-description-title"">Описание</div>
<div class=""product-description-text"">
						Относится к группе крупно-корончатых. Высота растения 65 см. Цветок кремово-белые лепестки и очень широкой, широко-открытые, солнечно-желтые коронки, которые созревают до почти чисто-белого. Очень высокий. Диаметр цветка около 10 см. Посадка - август - начало сентября. Глубина посадки 15-20 см на расстоянии 10-12 см друг от друга. Цветение начинается с середины мая. К почве особенных требований нет, но при условии, что она хорошо дренирована. Расположение для посадки -  солнечные места или полутень. Нарцисс широко используется в озеленении, как раннецветущее растение, в клумбах, рабатках, группах между кустарниками, отдельными пятнами.					</div>
<section class=""slider-info"">
</section>
</div>";
Каталог|Луковицы нарцисса;Нарцисс Дабл Фэшион, махр. 10 шт;Нарцисс Дабл Фэшион, махр. 10 шт;1 210;https://klubsadprof.ru/upload/iblock/ddd/finhe27lt10cd9koxtewjplo572eb5od/390.jpg;"<div class=""product-description-inner tab-active"" data-tab-content=""product-description-1"">
<div class=""product-description-title"">Описание</div>
<div class=""product-description-text"">
						Классический сорт махровых нарциссов с нежными кремовыми лепестками и яркой контрастной коронкой оранжевого цвета. Растения прекрасно гармонируют при посадке в сложных композициях из ранних весенних луковичных, их выращивают в тепличных комплексах к праздничным дням для составления нежных букетов. В открытом грунте для посадки луковиц нарциссов сорта Double Fashion необходимо выбирать светлый участок без подмочки, защищенный от ветра, ведь махровый цветок достаточно тяжелый. Цветок отличается очарованием и роскошной прелестью, а благоухание аромата сопровождает цветение от раскрытия первого лепестка.					</div>
<section class=""slider-info"">
</section>
</div>";
Каталог|Луковицы нарцисса;Нарцисс Датч Мастер, (крупн., трубч.) 10 шт;Нарцисс Датч Мастер, (крупн., трубч.) 10 шт;911;https://klubsadprof.ru/upload/iblock/f6a/7d652e2kcu0xo3pgk8chhypne6m6tiwl/357.jpg;"<div class=""product-description-inner tab-active"" data-tab-content=""product-description-1"">
<div class=""product-description-title"">Описание</div>
<div class=""product-description-text"">
						Нарцисс Датч Мастер — многолетнее однодольное растение семейства Амараллисовых. Его считают крупнейшим видом с желтым цветоносом. Цветок вырастает до 60 см в высоту.					</div>
<section class=""slider-info"">
</section>
</div>";
Каталог|Луковицы нарцисса;Нарцисс Пальмарес, (сплит) 8 шт;Нарцисс Пальмарес, (сплит) 8 шт;1 094;https://klubsadprof.ru/upload/iblock/8c8/h0ck3xrawk1jqaimneeou2mtzknq8dhk/370.jpg;"<div class=""product-description-inner tab-active"" data-tab-content=""product-description-1"">
<div class=""product-description-title"">Описание</div>
<div class=""product-description-text"">
						Многолетнее луковичное растение привлекает к себе внимание необычным строением соцветий. Особенностью является рассеченная лососевого цвета коронка. Она расположена поверх 6 белых расходящихся в форме звезды остроконечных лепестков. Цветок нежной окраски достигает высоты 35-40 см. Широко используется в ландшафтном дизайне, подходит для срезки. Его выращивают в одиночных и групповых посадках.					</div>
<section class=""slider-info"">
</section>
</div>";
Каталог|Луковицы нарцисса;Нарцисс Куинсдей, махр. 8 шт;Нарцисс Куинсдей, махр. 8 шт;1 399;https://klubsadprof.ru/upload/iblock/5ff/08vhnr83bk6kpjja5a9m36l6uqvc7z33/392.jpg;"<div class=""product-description-inner tab-active"" data-tab-content=""product-description-1"">
<div class=""product-description-title"">Описание</div>
<div class=""product-description-text"">
						Куинс Дей – не совсем обычный нарцисс. Без преувеличения, это царственная особа голубых кровей, которая не чурается жить в среднестатистическом саду. Мало того, цветок не просто существует в отведенном ему месте, но и шикарно цветет. Его непростое происхождение можно заметить по наличию ярко-оранжевой короны и многочисленным лепесткам цвета расплавленного золота. Если не хотите ущемить скрытое самолюбие цветка, не высаживайте его в полутени. Она приведет к измельчению бутонов и их полному отсутствию.					</div>
<section class=""slider-info"">
</section>
</div>";
Каталог|Луковицы нарцисса;Нарцисс Йеллоу Чирфулнесс, (мнгцв.махр.) 8 шт;Нарцисс Йеллоу Чирфулнесс, (мнгцв.махр.) 8 шт;865;https://klubsadprof.ru/upload/iblock/215/s71owjde1s2yn2yr2xmwdsmnomulxfyf/404.jpg;"<div class=""product-description-inner tab-active"" data-tab-content=""product-description-1"">
<div class=""product-description-title"">Описание</div>
<div class=""product-description-text"">
						Луковицы нарцисса махрового Йеллоу Чирфулнесс украсят весной любой участок своим необычным видом. Один из новых сортов, выведенных селекционерами, отличается тем, что на одном цветоносе, достигающем в высоту около 40 сантиметров, формируется сразу два или четыре цветка ярко-желтого цвета. Закрытая коронка делает цветок совсем не похожим на нарцисс, он скорее напоминает миниатюрную розочку. Именно за это свое достоинство сорт Йеллоу Чирфулнесс получил престижную награду от садоводческого общества. Прекрасно стоит в срезке и имеет сильный аромат, который наполнит все помещение, в котором находится букет.					</div>
<section class=""slider-info"">
</section>
</div>";
Каталог|Луковицы нарцисса;Нарцисс Акцент, (крупнокор.) 8 шт;Нарцисс Акцент, (крупнокор.) 8 шт;1 052;https://klubsadprof.ru/upload/iblock/4f0/v5gymcyepkno2g59fumhe43ihj5owow4/349.jpg;"<div class=""product-description-inner tab-active"" data-tab-content=""product-description-1"">
<div class=""product-description-title"">Описание</div>
<div class=""product-description-text"">
						Цветок околоцветник белый, коронка ярко-лососевого цвета. Диаметр цветка около 10 см. Нарцисс широко используется в озеленении, как раннецветущее растение, в клумбах, рабатках, группах между кустарниками, отдельными пятнами.					</div>
<section class=""slider-info"">
</section>
</div>";
Каталог|Луковицы нарцисса;Нарцисс Банана Дайкири, (сплит) 5 шт;Нарцисс Банана Дайкири, (сплит) 5 шт;785;https://klubsadprof.ru/upload/iblock/f06/4ex4xj1cmw6358mkvrq3xo7os21614nd/353.jpeg;"<div class=""product-description-inner tab-active"" data-tab-content=""product-description-1"">
<div class=""product-description-title"">Описание</div>
<div class=""product-description-text"">
						Нарциссы сплит-корона или орхидные нарциссы отличаются очень декоративным крупным цветком, внешне напоминающим орхидею. Их эффектная коронка рассечена и отогнута, и создается впечатление, что у цветка отсутствует привычная срединная трубочка, а имеется лишь 2 ряда пушистых лепестков. Цветоносы крепкие, в высоту могут достигать 60 см. Цветки крупные, диаметром до 10 см. Нарциссы этой серии широко используются в цветоводстве для оформления садовых участков, получения высококачественной срезки, а также для выгонки в домашних условиях.
Высота нарцисса Банана Дайкири достигает 40-45 см, а причудливая яркая банановая коронка практически полностью закрывает белые лепестки.					</div>
<section class=""slider-info"">
</section>
</div>";
Каталог|Луковицы нарцисса;Нарцисс Бельканто, (сплит) 5 шт;Нарцисс Бельканто, (сплит) 5 шт;785;https://klubsadprof.ru/upload/iblock/ad4/7pm6freecwbav1hy0lnkrls5n50po8mu/355.jpg;"<div class=""product-description-inner tab-active"" data-tab-content=""product-description-1"">
<div class=""product-description-title"">Описание</div>
<div class=""product-description-text"">
						Нарцисс Бельканто относится к группе крупно-корончатых. Высота растения до 35 см. Цветок белый с нежно желтой очень крупной слегка гофрированной коронкой одиночный. Диаметр цветка около 10 см. Посадка - август - начало сентября. Глубина посадки 15-20 см на расстоянии 10-12 см друг от друга. Цветение начинается с середины мая. К почве особенных требований нет, но при условии, что она хорошо дренирована. Расположение для посадки -  солнечные места или полутень. Нарцисс широко используется в озеленении, как раннецветущее растение, в клумбах, рабатках, группах между кустарниками, отдельными пятнами.					</div>
<section class=""slider-info"">
</section>
</div>";
Каталог|Луковицы нарцисса;Нарцисс Кассата, (сплит) 8 шт;Нарцисс Кассата, (сплит) 8 шт;884;https://klubsadprof.ru/upload/iblock/29f/12b8d3a3k7o5ypxo1n82q0f5wpqqn1dj/362.jpg;"<div class=""product-description-inner tab-active"" data-tab-content=""product-description-1"">
<div class=""product-description-title"">Описание</div>
<div class=""product-description-text"">
						Относится к группе крупно-корончатых. Высота растения до 40 см. Цветок белый с нежно-жёлтой коронкой. Диаметр цветка около 10 см. Посадка - август - начало сентября. Глубина посадки 15-20 см на расстоянии 10-12 см друг от друга. Цветение начинается с середины мая. К почве особенных требований нет, но при условии, что она хорошо дренирована. Расположение для посадки -  солнечные места или полутень. Нарцисс широко используется в озеленении, как раннецветущее растение, в клумбах, рабатках, группах между кустарниками, отдельными пятнами					</div>
<section class=""slider-info"">
</section>
</div>";
Каталог|Луковицы нарцисса;Нарцисс Монца, махр. 8 шт;Нарцисс Монца, махр. 8 шт;1 076;https://klubsadprof.ru/upload/iblock/e48/s7dienhbnh810q78y6y2x48qhl9x5yvi/394.jpg;"<div class=""product-description-inner tab-active"" data-tab-content=""product-description-1"">
<div class=""product-description-title"">Описание</div>
<div class=""product-description-text"">
						Нарцисс махровый Монца – удивительный луковичный многолетник с махровыми яркими цветами. Коронка цветка окрашена в оранжево-желтые тона, лепестки – яично-желтые. Листья зеленые, узкие, линейные. Размер цветка – до 10 см. Высота растения – до 45 см.					</div>
<section class=""slider-info"">
</section>
</div>";
Каталог|Луковицы нарцисса;Нарцисс Мунлайт Сенсейшн, (мнгцв.) 8 шт;Нарцисс Мунлайт Сенсейшн, (мнгцв.) 8 шт;960;https://klubsadprof.ru/upload/iblock/602/02dpiwck6dgeh0xk0o5cnlq7i8x1j1yd/407.jpg;"<div class=""product-description-inner tab-active"" data-tab-content=""product-description-1"">
<div class=""product-description-title"">Описание</div>
<div class=""product-description-text"">
						Невероятные нарциссы «Луна», «Солнце» и «Звёзды»»! Решат любые ландшфтные задачи и  произведут настоящую сенсацию, засыпав сияющими ароматными россыпями цветник. Каждая луковица даёт по 4 цветоноса с 4-6 звёздчатыми цветками на каждом! Диаметр ароматного цветка 6 см. У «Луны» цветок открывается лимонно-жёлтым, с контрастной высокой коронкой оттенков слоновой кости на светлом основании. «Солнце» – золотисто-жёлтое, с более насыщенным оттенком на коронке. «Звезда» – полностью кремовая с высокой ребристой коронкой. (В 2017 г. сорт стал призёром Выставки цветов в Филадельфии (США).) Переливчатое мерцание лунного и солнечного света наполнит весенний сад волшебством и ожиданием чуда.					</div>
<section class=""slider-info"">
</section>
</div>";
Каталог|Луковицы нарцисса;Нарцисс Неон, (крупн., трубч.) 8 шт;Нарцисс Неон, (крупн., трубч.) 8 шт;1 076;https://klubsadprof.ru/upload/iblock/04e/eakk0mygj0edw1ewaxrgwc13uv341hn0/368.jpg;"<div class=""product-description-inner tab-active"" data-tab-content=""product-description-1"">
<div class=""product-description-title"">Описание</div>
<div class=""product-description-text"">
						Относится к группе крупно-корончатых. Высота растения до 35 см. Цветок: ярко-лимонный , у основания трубчатой коронки чисто- белый ореол. Диаметр цветка около 10 см. Посадка - август - начало сентября. Глубина посадки 15-20 см на расстоянии 10-12 см друг от друга. Цветение начинается с середины мая. К почве особенных требований нет, но при условии, что она хорошо дренирована. Расположение для посадки -  солнечные места или полутень. Нарцисс широко используется в озеленении, как раннецветущее растение, в клумбах, рабатках, группах между кустарниками, отдельными пятнами.					</div>
<section class=""slider-info"">
</section>
</div>";
Каталог|Луковицы нарцисса;Нарцисс Прайд оф Лайонс, (крупнокор.) 5 шт;Нарцисс Прайд оф Лайонс, (крупнокор.) 5 шт;863;https://klubsadprof.ru/upload/iblock/0a9/ttoaqkqppd2dqkf3k90q2zmml5kc4u13/Nartsiss-Prayd-of-Layons.jpg;"<div class=""product-description-inner tab-active"" data-tab-content=""product-description-1"">
<div class=""product-description-title"">Описание</div>
<div class=""product-description-text"">
						Высота 45 см. Размер цветка 10-12 см! Этот эффектный нарцисс может похвастаться огромными цветами ярко-желтого окраса с оранжевой чашечкой в красном ободке. Коронка равномерно гофрирована.					</div>
<section class=""slider-info"">
</section>
</div>";
Каталог|Луковицы нарцисса;Нарцисс Принтал, (сплит гофр.) 8 шт;Нарцисс Принтал, (сплит гофр.) 8 шт;1 173;https://klubsadprof.ru/upload/iblock/200/5hwbk0ilcvjnhplhxasxzb2s8ll74ji2/375.jpg;"<div class=""product-description-inner tab-active"" data-tab-content=""product-description-1"">
<div class=""product-description-title"">Описание</div>
<div class=""product-description-text"">
						Нарцисс Принтал — яркий представитель группы Разрезнокорончатых. Особенностью сорта является коронка цветка, создающая впечатление, что она разорвана на 1/3 длины. Лепестки бахромчатые. Период вегетации длится с апреля по май					</div>
<section class=""slider-info"">
</section>
</div>";
Каталог|Луковицы нарцисса;Нарцисс Санловер, (крупн. гофр.) 8 шт;Нарцисс Санловер, (крупн. гофр.) 8 шт;1 363;https://klubsadprof.ru/upload/iblock/365/mhtzpsl3rj7wrdb3pr7x14p834046wuf/376.jpg;"<div class=""product-description-inner tab-active"" data-tab-content=""product-description-1"">
<div class=""product-description-title"">Описание</div>
<div class=""product-description-text"">
						Ярко-желтые лепестки с легким намеком на зеленый. Коронка цвета мандарина с глубоким узким воланом. Нарциссы предпочитают солнечные участки, либо недолгое по времени затенение, и хорошо дренированные почвы. Легки в выращивании, они идеально подходят для горшков и контейнеров и украшения сада, быстро размножаются. Раннецветущий.

Высота: 45-55 см					</div>
<section class=""slider-info"">
</section>
</div>";
Каталог|Луковицы нарцисса;Нарцисс Слим Уитман, (крупн. гофр.) 10 шт;Нарцисс Слим Уитман, (крупн. гофр.) 10 шт;1 106;https://klubsadprof.ru/upload/iblock/65b/b3qgdyh3sjyiwjrjwpge5h24yhndqmob/377.jpg;"<div class=""product-description-inner tab-active"" data-tab-content=""product-description-1"">
<div class=""product-description-title"">Описание</div>
<div class=""product-description-text"">
						Нарцисс Слим Уитман принадлежит к группе Крупнокорончатых. Высота растения достигает 60 см, а период цветоноса происходит в апреле-мае. Цветок распускается бело-оранжевыми бутонами диаметром 8−12 см.					</div>
<section class=""slider-info"">
</section>
</div>";
Каталог|Луковицы нарцисса;Нарцисс Техас, махр. 8 шт;Нарцисс Техас, махр. 8 шт;919;https://klubsadprof.ru/upload/iblock/12c/z105pv390fvistm26053c8vr1qmimflc/397.jpg;"<div class=""product-description-inner tab-active"" data-tab-content=""product-description-1"">
<div class=""product-description-title"">Описание</div>
<div class=""product-description-text"">
						Луковицы нарцисса обыкновенного Техас (Narcissus, Texas) заказывают любители красивоцветущих махровых сортов. Цветы достаточно крупные до 8 сантиметров в диаметре, с легким шлейфовым ароматом, ярко-желтыми лепестками и оранжевой короной. Высота взрослого растения достигает 25-45 сантиметров. Луковицы высаживают на хорошо освещенных или слегка затененных участках территории. Используют в смешанных и одиночных посадках. Служат украшением патио, газонов, цветников. Нарциссы Техас долго стоят в срезе, используются флористами для создания весенних цветочных композиций.					</div>
<section class=""slider-info"">
</section>
</div>";
Каталог|Луковицы нарцисса;Нарцисс Чейнджинг-Колор, (сплит гофр.) 8 шт;Нарцисс Чейнджинг-Колор, (сплит гофр.) 8 шт;1 049;https://klubsadprof.ru/upload/iblock/05c/0zt9l0jh9o9q3joxl6eo2t75b1i2d26q/382.jpg;"<div class=""product-description-inner tab-active"" data-tab-content=""product-description-1"">
<div class=""product-description-title"">Описание</div>
<div class=""product-description-text"">
						Относится к группе крупно-корончатых. Высота растения до 45 см. Цветок хамелеон: волнистая коронка меняет цвет, от светло-желтого, до желто-оранжевого. Эксклюзив! Диаметр цветка около 10 см. Посадка - август - начало сентября. Глубина посадки 15-20 см, на расстоянии 10-12 см друг от друга. Цветение начинается с середины мая. К почве особенных требований нет, но при условии, что она хорошо дренирована. Расположение для посадки -  солнечные места или полутень. Нарцисс широко используется в озеленении, как раннецветущее растение, в клумбах, рабатках, группах между кустарниками, отдельными пятнами.					</div>
<section class=""slider-info"">
</section>
</div>";
