Каталог|Опрыскиватели;Опрыскиватель помповый 5 л;Опрыскиватель помповый 5 л;1 454;https://klubsadprof.ru/upload/iblock/87e/791zg3t09ao85oxqu1ex0evpa7p9eawa/opryskivatelg_pompovyy_5_l_1556_rub.jpg;"<div class=""product-description-inner tab-active"" data-tab-content=""product-description-1"">
<div class=""product-description-title"">Описание</div>
<div class=""product-description-text"">
						Опрыскиватель помповый пятилитровый предназначен для обработки больших площадей во время массового появления вредителей или заболеваний. Емкий бак для удобства можно носить на плече – для этого предусмотрен прочный ремень. Также его можно переносить в руке – для этого предусмотрен фиксатор ручки помпы.					</div>
<section class=""slider-info"">
</section>
</div>";
Каталог|Опрыскиватели;Опрыскиватель помповый 2 л;Опрыскиватель помповый 2 л;488;https://klubsadprof.ru/upload/iblock/ba1/szlcyhnkglag5yrl7605ze2ho874egk5/opryskivatelg_pompovyy_2_l_522_rub.jpg;"<div class=""product-description-inner tab-active"" data-tab-content=""product-description-1"">
<div class=""product-description-title"">Описание</div>
<div class=""product-description-text"">
						Опрыскиватель помповый на 2 литра – незаменимое средство для дачников и огородников. Объем опрыскивателя позволяет производить обработку значительных объемов. В то же время устройство опрыскивателя позволяет обрабатывать растения практически в любом месте и положении.					</div>
<section class=""slider-info"">
</section>
</div>";
Каталог|Опрыскиватели;Опрыскиватель ручной Mini;Опрыскиватель ручной Mini;421;https://klubsadprof.ru/upload/iblock/364/vef03bgct46ghrnqhwbihaxprzg72tv8/opryskivatelg_ruchnoy_Mini_450_rub.jpg;"<div class=""product-description-inner tab-active"" data-tab-content=""product-description-1"">
<div class=""product-description-title"">Описание</div>
<div class=""product-description-text"">
						Опрыскиватель ручной Mini дает возможность качественно и быстро обработать посадки. Он удобен в домашних условиях — позволяет ухаживать за рассадой, комнатными цветами. Аксессуар полезен и на даче. Небольшой опрыскиватель принесет существенную пользу в ограниченном пространстве, где не помещается более крупное устройство. С его помощью можно опрыскивать посадки в теплицах и парниках.					</div>
<section class=""slider-info"">
</section>
</div>";
Каталог|Опрыскиватели;Опрыскиватель помповый Master egro;Опрыскиватель помповый Master egro;2 272;https://klubsadprof.ru/upload/iblock/76d/g9tcdak00bl8guk7r6tmoyofomuvov5t/opryskivatelg_pompovyy_Master_egro_2430_rub.jpg;"<div class=""product-description-inner tab-active"" data-tab-content=""product-description-1"">
<div class=""product-description-title"">Описание</div>
<div class=""product-description-text"">
						Рассаду, цветы, овощи, землянику и другие культуры приходится часто опрыскивать разнообразными препаратами — только в этом случае можно получить хороший результат. Опрыскиватель помповый Master Egro станет незаменимым помощником для садовода или любителя комнатных растений.					</div>
<section class=""slider-info"">
</section>
</div>";
