Каталог|Разрыхлители;Разрыхлитель почвы Агроперлит;Разрыхлитель почвы Агроперлит;69;https://klubsadprof.ru/upload/iblock/876/512ntn9uimmkco96s12haxqhmyyb1usw/Razrykhlitel-pochvy-Agroperlit.jpg;"<div class=""product-description-inner tab-active"" data-tab-content=""product-description-1"">
<div class=""product-description-title"">Описание</div>
<div class=""product-description-text"">
						Разрыхлитель почвы Агроперлит – это вулканическая горная порода. Агроперлит имеет очень низкую плотность за счет пористого строения. Он абсолютно инертен, не растворяется в воде, не выделяет никаких примесей. Единственное его назначение – это использование в качестве мульчирующего вещества или в качестве компонента грунта для растений.					</div>
<section class=""slider-info"">
</section>
</div>";
Каталог|Разрыхлители;Разрыхлитель почвы Сапропель;Разрыхлитель почвы Сапропель;79;https://klubsadprof.ru/upload/iblock/7e3/o1vy3evpzrf0m9492xgwudpbdqebw9xe/Razrykhlitel-pochvy-Sapropel.jpg;"<div class=""product-description-inner tab-active"" data-tab-content=""product-description-1"">
<div class=""product-description-title"">Описание</div>
<div class=""product-description-text"">
						Разрыхлитель почвы Сапропель – это органическое удобрение, добываемое со дна непроточных водоемов. Донные иловые отложения (растительные плюс животные остатки) содержат много питательных веществ, в том числе – гуминовые кислоты, при добавлении к почве любого типа, не только обогащают состав грунта, но и служат разрыхлителем.					</div>
<section class=""slider-info"">
</section>
</div>";
Каталог|Разрыхлители;Разрыхлитель почвы Вермикулит;Разрыхлитель почвы Вермикулит;99;https://klubsadprof.ru/upload/iblock/1f4/8veznbqpfv15fkrc0dbzodhrqqtg0sjv/Razrykhlitel-pochvy-Vermikulit.jpg;"<div class=""product-description-inner tab-active"" data-tab-content=""product-description-1"">
<div class=""product-description-title"">Описание</div>
<div class=""product-description-text"">
						Разрыхлитель почвы Вермикулит представляет собой пористую минеральную породу. Минерал устойчив к воздействию воды, кислот и щелочей. Способен насыщаться водой до 400% от исходного объема. Всё это делает его незаменимой и очень безопасной добавкой в почву.					</div>
<section class=""slider-info"">
</section>
</div>";
