Каталог|Семена клубники;Клубника ремонтантная Флориан F1, семена;Клубника ремонтантная Флориан F1, семена;320;https://klubsadprof.ru/upload/iblock/16d/x0niwcpqe8r6akjd02fdag0cp9andhhi.jpg;"<div class=""product-description-inner tab-active"" data-tab-content=""product-description-1"">
<div class=""product-description-title"">Описание</div>
<div class=""product-description-text"">
						Клубника ремонтантная Флориан F1 – высокоурожайный сорт с непрерывным цветением с ранней весны до установления постоянного снежного покрова.					</div>
<div class=""product-description-faq"" data-toggle-cover="""" data-toggle-link="""">
<div class=""product-description-faq-title"">
<div class=""product-description-prop"">
<img alt="""" class=""icon"" src=""/local/templates/klubsadprof/img/sempl/fruits.svg""/>
								Плоды
							</div>
<svg class=""icon product-description-faq-arrow"">
<use xlink:href=""/local/templates/klubsadprof/img/icons.svg#navigate-up""></use></svg>
</div>
<div class=""product-description-faq-content product-description-text"" data-toggle-content="""" data-toggle-height=""true"" data-toggle-static=""true"">
							Свежие ягоды весом до 20 грамм имеют великолепный вкус, отлично подходят для приготовления десерта. Урожай используется для изготовления варенья, компотов и заморозки и употребления в свежем виде.						</div>
</div>
<section class=""slider-info"">
</section>
</div>";
Каталог|Семена клубники;Земляника Красная варежка* 0,01 г;Земляника Красная варежка* 0,01 г;94;https://klubsadprof.ru/upload/iblock/919/6s1ed1vbjec1iuoajjelp24kxoevm2dr.jpg;"<div class=""product-description-inner tab-active"" data-tab-content=""product-description-1"">
<div class=""product-description-faq"" data-toggle-cover="""" data-toggle-link="""">
<div class=""product-description-faq-title"">
<div class=""product-description-prop"">
<img alt="""" class=""icon"" src=""/local/templates/klubsadprof/img/sempl/productivity.svg""/>
								Урожайность
							</div>
<svg class=""icon product-description-faq-arrow"">
<use xlink:href=""/local/templates/klubsadprof/img/icons.svg#navigate-up""></use></svg>
</div>
<div class=""product-description-faq-content product-description-text"" data-toggle-content="""" data-toggle-height=""true"" data-toggle-static=""true"">
</div>
</div>
<div class=""product-description-faq"" data-toggle-cover="""" data-toggle-link="""">
<div class=""product-description-faq-title"">
<div class=""product-description-prop"">
<img alt="""" class=""icon"" src=""/local/templates/klubsadprof/img/sempl/fruits.svg""/>
								Плоды
							</div>
<svg class=""icon product-description-faq-arrow"">
<use xlink:href=""/local/templates/klubsadprof/img/icons.svg#navigate-up""></use></svg>
</div>
<div class=""product-description-faq-content product-description-text"" data-toggle-content="""" data-toggle-height=""true"" data-toggle-static=""true"">
							Земляника этого сорта крупная, массой около 30 г, сочная, округлой или овальной формы.						</div>
</div>
<div class=""product-description-title"">Уход и посадка </div>
<div class=""product-description-text"">
							Кустообразное растение, максимальная высота которого – 25-30 см. Множество цветоносов усеяны крупными белоснежными цветами (по 10-12 штук на каждом). Усообразование слабое.<br/>
 Семена высеивают в первой половине весны. Посадочная поверхность должна быть ровной и хорошо увлажненной; излишнее заглубление не требуется. Первые всходы можно наблюдать примерно через месяц.<br/>
Промежуточная пересадка молодых саженцев в контейнеры или горшки допустима при наличии на каждом 1-2 листьев. Когда листвы станет больше (около 6-7), молодую землянику пикируют на участок, выдерживая между кустами расстояние в 20 см. Допустимое междурядье – не менее 30 см. Растение вполне способно оставаться в горшках.						</div>
<section class=""slider-info"">
</section>
</div>";
Каталог|Семена клубники;Фрагария Korona 1 шт.;Фрагария Korona 1 шт.;125;https://klubsadprof.ru/upload/iblock/86e/feaz2yi82nfffb2ef9m4kl428tos1syg.jpg;"<div class=""product-description-inner tab-active"" data-tab-content=""product-description-1"">
<div class=""product-description-history"">
<div class=""product-description-title"">История селекции</div>
<div class=""product-description-text"">Сорт садовой земляники Корона назван так из-за очень красивых ""королевского"" вида ягод. Сорт выведен в Голландии и относится к сортам садовой земляники с ранним сроком созревания. Сбор ягод начинается с середины мая и продолжается до конца июня. Садовая земляника Корона выведена в результате скрещивания сортов  Tamella и Induka. Этот сорт клубники относится к одним из самых высокоурожайных сортов.</div>
</div>
<div class=""product-description-faq"" data-toggle-cover="""" data-toggle-link="""">
<div class=""product-description-faq-title"">
<div class=""product-description-prop"">
<img alt="""" class=""icon"" src=""/local/templates/klubsadprof/img/sempl/fruits.svg""/>
								Плоды
							</div>
<svg class=""icon product-description-faq-arrow"">
<use xlink:href=""/local/templates/klubsadprof/img/icons.svg#navigate-up""></use></svg>
</div>
<div class=""product-description-faq-content product-description-text"" data-toggle-content="""" data-toggle-height=""true"" data-toggle-static=""true"">
							Форма ягод садовой земляники Корона отличаются исключительно правильной, конической формой. Размер ягод 15-30 гр., характеризуются мясистой, сочной, ароматной мякотью приятного, красно-алого цвета, багрового при полной спелости. Вкусовые качества ягод этого сорта получили высокую оценку у потребителей, благодаря чему землянику Корона относят к дессертным сортам.						</div>
</div>
<section class=""slider-info"">
</section>
</div>";
Каталог|Семена клубники;Фрагария Ostara 1 шт.;Фрагария Ostara 1 шт.;125;https://klubsadprof.ru/upload/iblock/cb4/er5m0o99wpjjes51g6yvwvujhgw92z6v.jpg;"<div class=""product-description-inner tab-active"" data-tab-content=""product-description-1"">
<div class=""product-description-faq"" data-toggle-cover="""" data-toggle-link="""">
<div class=""product-description-faq-title"">
<div class=""product-description-prop"">
<img alt="""" class=""icon"" src=""/local/templates/klubsadprof/img/sempl/productivity.svg""/>
								Урожайность
							</div>
<svg class=""icon product-description-faq-arrow"">
<use xlink:href=""/local/templates/klubsadprof/img/icons.svg#navigate-up""></use></svg>
</div>
<div class=""product-description-faq-content product-description-text"" data-toggle-content="""" data-toggle-height=""true"" data-toggle-static=""true"">
</div>
</div>
<div class=""product-description-faq"" data-toggle-cover="""" data-toggle-link="""">
<div class=""product-description-faq-title"">
<div class=""product-description-prop"">
<img alt="""" class=""icon"" src=""/local/templates/klubsadprof/img/sempl/fruits.svg""/>
								Плоды
							</div>
<svg class=""icon product-description-faq-arrow"">
<use xlink:href=""/local/templates/klubsadprof/img/icons.svg#navigate-up""></use></svg>
</div>
<div class=""product-description-faq-content product-description-text"" data-toggle-content="""" data-toggle-height=""true"" data-toggle-static=""true"">
							Ягоды садовой земляники Остара имеют одинаковую, правильную, конусообразную форму и средний размер. Цвет мякоти насыщенно красный. Мякоть средней плотности, очень сочная, с приятным вкусом и ароматом.						</div>
</div>
<div class=""product-description-title"">Преимущества сорта</div>
<div class=""product-description-text"">
						Садовая земляника сорта Остара достаточно не прихотлива в выращивании. Остара зарекомендовал себя как один из лучших среди ремонтантных сортов!					</div>
<section class=""slider-info"">
</section>
</div>";
Каталог|Семена клубники;Фрагария Induka 1 шт.;Фрагария Induka 1 шт.;125;https://klubsadprof.ru/upload/iblock/96e/knpmms782ldgv9ir4dxhwu5h9ysbiesc.jpg;"<div class=""product-description-inner tab-active"" data-tab-content=""product-description-1"">
<div class=""product-description-faq"" data-toggle-cover="""" data-toggle-link="""">
<div class=""product-description-faq-title"">
<div class=""product-description-prop"">
<img alt="""" class=""icon"" src=""/local/templates/klubsadprof/img/sempl/fruits.svg""/>
								Плоды
							</div>
<svg class=""icon product-description-faq-arrow"">
<use xlink:href=""/local/templates/klubsadprof/img/icons.svg#navigate-up""></use></svg>
</div>
<div class=""product-description-faq-content product-description-text"" data-toggle-content="""" data-toggle-height=""true"" data-toggle-static=""true"">
							Ягоды первого сбора 9,1 г, не мельчают при сборах, тёмно-красные, блестящие, плотные, кисло-сладкие, десертного вкуса - 4,5 балла. Легко отрывается при сборе. В варенье желирует, ягоды пригодны для компотов и заморозки.						</div>
</div>
<div class=""product-description-title"">Преимущества сорта</div>
<div class=""product-description-text"">
						Зимостойкость высокая, устойчив к заболеваниям.					</div>
<section class=""slider-info"">
</section>
</div>";
Каталог|Семена клубники;Земляника (Клубника) Гигант русский F1 пробирка 5 шт.;Земляника (Клубника) Гигант русский F1 пробирка 5 шт.;239;https://klubsadprof.ru/upload/iblock/c52/n46vgqpshfaln2v4kybv9qdw1bjsc7bo.jpg;"<div class=""product-description-inner tab-active"" data-tab-content=""product-description-1"">
<div class=""product-description-title"">Внешний вид</div>
<div class=""product-description-text"">Густой куст с заметными тёмно-зелёными листьями, вырастающий до 20 см в высоту. Даёт весьма крупные белые цветы, имеющие лёгкий розоватый оттенок, плоды же растения порой достигают размеров человеческой ладони.</div>
<div class=""product-description-faq"" data-toggle-cover="""" data-toggle-link="""">
<div class=""product-description-faq-title"">
<div class=""product-description-prop"">
<img alt="""" class=""icon"" src=""/local/templates/klubsadprof/img/sempl/fruits.svg""/>
								Плоды
							</div>
<svg class=""icon product-description-faq-arrow"">
<use xlink:href=""/local/templates/klubsadprof/img/icons.svg#navigate-up""></use></svg>
</div>
<div class=""product-description-faq-content product-description-text"" data-toggle-content="""" data-toggle-height=""true"" data-toggle-static=""true"">
							Форма округло-коническая, в размерах при первых сборах плоды достигают длины в 7 см, а также веса до 50 г. Сами по себе ягоды ярко-красные, плотные, с сочной мякотью, что говорит и об их превосходном сладком вкусе.						</div>
</div>
<div class=""product-description-title"">Преимущества сорта</div>
<div class=""product-description-text"">
						Сорт способен успешно выдерживать низкие температуры, обладая прекрасной морозоустойчивостью. Ремонтантен, то есть плодоносит непрерывно аж до осени, и универсален, поскольку пригоден к горшечному выращиванию. Раннее плодоношение — изюминка «Русского гиганта».					</div>
<section class=""slider-info"">
</section>
</div>";
Каталог|Семена клубники;Земляника (Клубника) Мерлан F1 пробирка 5 шт.;Земляника (Клубника) Мерлан F1 пробирка 5 шт.;378;https://klubsadprof.ru/upload/iblock/a8c/vfqz23so55mjk19n9v56it0cbwt5cv90.jpg;"<div class=""product-description-inner tab-active"" data-tab-content=""product-description-1"">
<div class=""product-description-title"">Внешний вид</div>
<div class=""product-description-text"">Кустарник сорта среднего размера, весьма раскидистый и густой, достигающий в высоту 25 см. В глаза сразу бросаются его крупные цветки розоватого оттенка, расположившиеся в тёмно-зелёных листьях растения. Плоды расположены ближе к листве, из-за чего они реже пачкаются.</div>
<div class=""product-description-faq"" data-toggle-cover="""" data-toggle-link="""">
<div class=""product-description-faq-title"">
<div class=""product-description-prop"">
<img alt="""" class=""icon"" src=""/local/templates/klubsadprof/img/sempl/fruits.svg""/>
								Плоды
							</div>
<svg class=""icon product-description-faq-arrow"">
<use xlink:href=""/local/templates/klubsadprof/img/icons.svg#navigate-up""></use></svg>
</div>
<div class=""product-description-faq-content product-description-text"" data-toggle-content="""" data-toggle-height=""true"" data-toggle-static=""true"">
							Форма плода коническая, алые ягоды «Мерлана» не особо крупные — их максимальный вес составляет 20 г. Вкус отличительно сочный и сладкий, подкрепленный неповторимым ароматом.						</div>
</div>
<div class=""product-description-title"">Преимущества сорта</div>
<div class=""product-description-text"">
						Сам по себе гибрид декоративен и неприхотлив, поэтому спокойно может приспособиться и к балконным условиям. Ремонтантный сорт, способный плодоносить несколько раз за сезон, а также практически не образует усов, что облегчает заботу о растении.					</div>
<section class=""slider-info"">
</section>
</div>";
Каталог|Семена клубники;Земляника (Клубника) Элан F1 пробирка 5 шт.;Земляника (Клубника) Элан F1 пробирка 5 шт.;908;https://klubsadprof.ru/upload/iblock/e22/19hz3wls2q1gh2lziu08w03kg3dooqu0.jpg;"<div class=""product-description-inner tab-active"" data-tab-content=""product-description-1"">
<div class=""product-description-title"">Внешний вид</div>
<div class=""product-description-text"">Растение мощное, высокоростное (высотой вырастающее до 30 см), обладающее обильным количеством ярко-зелёных листьев. Усов у него мало, но они достаточно длинные. Можно отметить большое количество цветков, имеющих белый цвет, что говорит о хорошем урожае в будущем. Ягоды правильной конической формы, но стремятся к сердцевидной.</div>
<div class=""product-description-faq"" data-toggle-cover="""" data-toggle-link="""">
<div class=""product-description-faq-title"">
<div class=""product-description-prop"">
<img alt="""" class=""icon"" src=""/local/templates/klubsadprof/img/sempl/fruits.svg""/>
								Плоды
							</div>
<svg class=""icon product-description-faq-arrow"">
<use xlink:href=""/local/templates/klubsadprof/img/icons.svg#navigate-up""></use></svg>
</div>
<div class=""product-description-faq-content product-description-text"" data-toggle-content="""" data-toggle-height=""true"" data-toggle-static=""true"">
							Плоды клубники весьма крупные — 40 г, а иногда попадаются и экземпляры с массой около 50 г. Сами ягоды ярко-красные, сочные, обладающие земляничным вкусом и невероятным ароматом.						</div>
</div>
<div class=""product-description-title"">Преимущества сорта</div>
<div class=""product-description-text"">
						Одна из главных особенностей сорта — «Элан» плодоносит не только на маточном кустике, но и на неукорененных розетках этого года, причём плоды с розет правда неплох, поскольку ягоды получаются крупными и сам куст продолжает плодоносить. Ремонтантен (длительное плодоношение), а также весьма живуч, поскольку может приспосабливаться к изменениям климата.					</div>
<section class=""slider-info"">
</section>
</div>";
Каталог|Семена клубники;Фрагария Honeoye 1 шт.;Фрагария Honeoye 1 шт.;125;https://klubsadprof.ru/upload/iblock/f39/u9p60fadz0492ynvvkn9gpniiia8id69.jpg;"<div class=""product-description-inner tab-active"" data-tab-content=""product-description-1"">
<div class=""product-description-title"">Описание</div>
<div class=""product-description-text"">
						Куст прямостоячий, высокий, довольно раскидистый с очень мощной корневой системой. Цветоносы крепкие, поэтому хорошо удерживают богатый урожай. Образует много усов;листья темно-зеленые, черешки имеют незначительную опушку.					</div>
<div class=""product-description-history"">
<div class=""product-description-title"">История селекции</div>
<div class=""product-description-text"">«Садовая земляника Хоней – довольно старый сорт, отличающийся высокой урожайностью и сладкими плодами. Был получен еще в 1979 году в американском городе Honeoye, отчего и пошло его название. Материнские сорта – Вибрант и Холидей известны высокой урожайностью и большими блестящими плодами. Именно этими качествами они наградили свою «дочку» — землянику сорта Хоней. </div>
</div>
<div class=""product-description-faq"" data-toggle-cover="""" data-toggle-link="""">
<div class=""product-description-faq-title"">
<div class=""product-description-prop"">
<img alt="""" class=""icon"" src=""/local/templates/klubsadprof/img/sempl/fruits.svg""/>
								Плоды
							</div>
<svg class=""icon product-description-faq-arrow"">
<use xlink:href=""/local/templates/klubsadprof/img/icons.svg#navigate-up""></use></svg>
</div>
<div class=""product-description-faq-content product-description-text"" data-toggle-content="""" data-toggle-height=""true"" data-toggle-static=""true"">
							Ягоды имеют коническую форму, приобретают насыщеный красный цвет с красивым блеском. Размер от среднего до крупного, при хорошей агротехнике ягоды могут достигать веса около 30 грамм;мякоть упругая, сочная, бледно-красного или розоватого цвета. Плоды обладают ярким насыщенным вкусом и ароматом. В конце плодоношения ягоды уменьшаются в размере, однако вкус и запах становятся еще более по-земляничному яркими;обладает хорошим товарным видом, который сохраняется не менее 3 дней.						</div>
</div>
<div class=""product-description-title"">Преимущества сорта</div>
<div class=""product-description-text"">
						Без проблем переносит транспортировку, даже на длительное расстояние. Благодаря этим свойствам, многие фермеры отдают предпочтение именно Хоней при выборе сорта для выращивания на продажу. Это действительно один из лучших вариантов для фермерского хозяйства.					</div>
<section class=""slider-info"">
</section>
</div>";
Каталог|Семена клубники;Земляника (Клубника) Лоран F1 пробирка 5 шт.;Земляника (Клубника) Лоран F1 пробирка 5 шт.;378;https://klubsadprof.ru/upload/iblock/e5c/ymxqfak2kq1tgr23wm0n6b37r21je3ir.jpg;"<div class=""product-description-inner tab-active"" data-tab-content=""product-description-1"">
<div class=""product-description-title"">Внешний вид</div>
<div class=""product-description-text"">Красивый слабораскидистый куст с плотно прилегающими друг к другу тёмно-зелёными листьями. Имеет шаровидную форму, что придаёт ему некоторую аккуратность, вырастает до 25 см в высоту. Белые цветы овальной формы расположены по всему кустику, подтверждая суждение об его обильном цветении. Блестящие и гладкие плоды отлично дополняют это прекрасное растение.</div>
<div class=""product-description-faq"" data-toggle-cover="""" data-toggle-link="""">
<div class=""product-description-faq-title"">
<div class=""product-description-prop"">
<img alt="""" class=""icon"" src=""/local/templates/klubsadprof/img/sempl/fruits.svg""/>
								Плоды
							</div>
<svg class=""icon product-description-faq-arrow"">
<use xlink:href=""/local/templates/klubsadprof/img/icons.svg#navigate-up""></use></svg>
</div>
<div class=""product-description-faq-content product-description-text"" data-toggle-content="""" data-toggle-height=""true"" data-toggle-static=""true"">
							Отличительно крупные, приплюснутой формы с весом до 25 г. Насыщенный алый цвет их изюминка, но самым важным тут является вкус — кисловато-сладкий, невероятно яркий.						</div>
</div>
<div class=""product-description-title"">Преимущества сорта</div>
<div class=""product-description-text"">
						Особенно любят его неприхотливость и морозостойкость, отличный иммунитет же дополняет список качеств сорта. Однако стоит выделить и упрощённый за ним уход, так как растение почти не пускает усов. Гибрид ремонтантен (может плодоносить несколько раз за сезон), его можно также разместить и в горшке на балконе или подоконнике.					</div>
<section class=""slider-info"">
</section>
</div>";
Каталог|Семена клубники;Земляника (Клубника) Сариан F1 пробирка 4 шт.;Земляника (Клубника) Сариан F1 пробирка 4 шт.;226;https://klubsadprof.ru/upload/iblock/0ca/ibzsd9yfcekpca2n50qiqjpx0olyzi3m.jpg;"<div class=""product-description-inner tab-active"" data-tab-content=""product-description-1"">
<div class=""product-description-title"">Внешний вид</div>
<div class=""product-description-text"">Тёмно-зелёные кусты, достигающие в высоту до 30 см, дают большое количество соцветий и усов. Красивые белоснежные цветы и крупные красные ягоды прекрасно компенсируют недостатки данного растения.</div>
<div class=""product-description-faq"" data-toggle-cover="""" data-toggle-link="""">
<div class=""product-description-faq-title"">
<div class=""product-description-prop"">
<img alt="""" class=""icon"" src=""/local/templates/klubsadprof/img/sempl/fruits.svg""/>
								Плоды
							</div>
<svg class=""icon product-description-faq-arrow"">
<use xlink:href=""/local/templates/klubsadprof/img/icons.svg#navigate-up""></use></svg>
</div>
<div class=""product-description-faq-content product-description-text"" data-toggle-content="""" data-toggle-height=""true"" data-toggle-static=""true"">
							Ягоды растения очень сочные, отличающиеся своей плотностью и достигающие массы до 35 г. Об особой сладости говорит их мускатный аромат, который не составит труда почувствовать, едва приблизившись к плодам.						</div>
</div>
<div class=""product-description-title"">Преимущества сорта</div>
<div class=""product-description-text"">
						Основными плюсами сорта являются непрерывное плодоношение (ремонтантность), не зависящее от продолжительности светового дня, и устойчивость к транспортировке и заморозкам. Также можно отметить устойчивость к грибным болезням и особую декоративность «Сариана».					</div>
<section class=""slider-info"">
</section>
</div>";
Каталог|Семена клубники;Фрагария Sonata 1 шт.;Фрагария Sonata 1 шт.;160;https://klubsadprof.ru/upload/iblock/b2f/uonjs9lspbhp440st897vgqfia7ja9i1.jpg;"<div class=""product-description-inner tab-active"" data-tab-content=""product-description-1"">
<div class=""product-description-title"">Описание</div>
<div class=""product-description-text"">
						Куст компактный, малооблиственный. Листья прямостоячие, зеленые, морщинистые. Цветоносы мощные на уровне и выше листьев, способны удерживать на весу довольно крупные ягоды. Усов дает мало. Имеет длительный период плодоношения.					</div>
<div class=""product-description-faq"" data-toggle-cover="""" data-toggle-link="""">
<div class=""product-description-faq-title"">
<div class=""product-description-prop"">
<img alt="""" class=""icon"" src=""/local/templates/klubsadprof/img/sempl/productivity.svg""/>
								Урожайность
							</div>
<svg class=""icon product-description-faq-arrow"">
<use xlink:href=""/local/templates/klubsadprof/img/icons.svg#navigate-up""></use></svg>
</div>
<div class=""product-description-faq-content product-description-text"" data-toggle-content="""" data-toggle-height=""true"" data-toggle-static=""true"">
</div>
</div>
<div class=""product-description-faq"" data-toggle-cover="""" data-toggle-link="""">
<div class=""product-description-faq-title"">
<div class=""product-description-prop"">
<img alt="""" class=""icon"" src=""/local/templates/klubsadprof/img/sempl/fruits.svg""/>
								Плоды
							</div>
<svg class=""icon product-description-faq-arrow"">
<use xlink:href=""/local/templates/klubsadprof/img/icons.svg#navigate-up""></use></svg>
</div>
<div class=""product-description-faq-content product-description-text"" data-toggle-content="""" data-toggle-height=""true"" data-toggle-static=""true"">
							Ягоды крупные, блестящие, сочные с ярко выраженным земляничным ароматом. Ягоды этого сорта красивые, конической формы сочные, очень сладкие и плотные, на ощупь сухие.						</div>
</div>
<div class=""product-description-title"">Преимущества сорта</div>
<div class=""product-description-text"">
						Сорт устойчив к перепадам  температур, не боится засухи и не растрескивается при обильных ливнях. Устойчив к различным заболеваниям, в том числе и к мучнистой росе и серой гнили , а так же к земляничному клещу.					</div>
<section class=""slider-info"">
</section>
</div>";
Каталог|Семена клубники;Земляника Регина* 0,03 г;Земляника Регина* 0,03 г;52;https://klubsadprof.ru/upload/iblock/b13/mckaokkkdma8gph4rcxdwlyai63ibwqf.jpg;"<div class=""product-description-inner tab-active"" data-tab-content=""product-description-1"">
<div class=""product-description-title"">Внешний вид</div>
<div class=""product-description-text"">Высота кустиков стандартная (около 20 см), при этом сами они выглядят мощно, но достаточно компактно, поскольку не отличаются раскидистостью.Цветёт красивыми белыми цветами в течение всего лета, из-за чего порой можно увидеть сразу и спелые ярко-красные ягоды, и цветы.</div>
<div class=""product-description-faq"" data-toggle-cover="""" data-toggle-link="""">
<div class=""product-description-faq-title"">
<div class=""product-description-prop"">
<img alt="""" class=""icon"" src=""/local/templates/klubsadprof/img/sempl/fruits.svg""/>
								Плоды
							</div>
<svg class=""icon product-description-faq-arrow"">
<use xlink:href=""/local/templates/klubsadprof/img/icons.svg#navigate-up""></use></svg>
</div>
<div class=""product-description-faq-content product-description-text"" data-toggle-content="""" data-toggle-height=""true"" data-toggle-static=""true"">
							Плоды удлинённо-овальной формы, слегка приплюснутые, но очень сладкие и вкусные, практически не ощущается кислинка, однако и “пресности” нет. Аромат лесной земляники лишь украсит знакомство с ягодами этого сорта, хотя они и не очень крупные — масса одной примерно 2.5 г.						</div>
</div>
<div class=""product-description-title"">Преимущества сорта</div>
<div class=""product-description-text"">
						Менее требовательна к уходу, поскольку является одним из безусых сортов земляники, что дополняется ремонтантностью, то есть способностью плодоносить несколько раз за сезон, поэтому «Регина» очень ценится среди садоводов. Зимостойкость и способность легко приспосабливаться к климатическим изменениям также входят в список достоинств сорта.					</div>
<section class=""slider-info"">
</section>
</div>";
Каталог|Семена клубники;Фрагария Rumba 1 шт.;Фрагария Rumba 1 шт.;160;https://klubsadprof.ru/upload/iblock/ad3/3t7sakdbp4q6n3zfxpaf50kktmuos359.jpg;"<div class=""product-description-inner tab-active"" data-tab-content=""product-description-1"">
<div class=""product-description-title"">Описание</div>
<div class=""product-description-text"">
						Куст умеренно-плотный. Цветоносы вертикальные. На цветоносе образуется по 5-7 ягод. Листья тёмно-зелёные.					</div>
<div class=""product-description-faq"" data-toggle-cover="""" data-toggle-link="""">
<div class=""product-description-faq-title"">
<div class=""product-description-prop"">
<img alt="""" class=""icon"" src=""/local/templates/klubsadprof/img/sempl/fruits.svg""/>
								Плоды
							</div>
<svg class=""icon product-description-faq-arrow"">
<use xlink:href=""/local/templates/klubsadprof/img/icons.svg#navigate-up""></use></svg>
</div>
<div class=""product-description-faq-content product-description-text"" data-toggle-content="""" data-toggle-height=""true"" data-toggle-static=""true"">
							Ягоды привлекательные, правильной формы, ярко-красные блестящие, даже после нескольких дней хранения не темнеют и не теряют аромат. Первые ягоды продолговато-конические, затем в основном округло-конические. Мякоть красная, очень сочная. Вкус в начале сезона слегка сладкий, улучшается к моменту сбора. Созревание дружное.						</div>
</div>
<div class=""product-description-title"">Преимущества сорта</div>
<div class=""product-description-text"">
						Сорт слабовосприимчив к плодовой гнили.					</div>
<section class=""slider-info"">
</section>
</div>";
Каталог|Семена клубники;Земляника (Клубника) Тристан F1 пробирка 5 шт.;Земляника (Клубника) Тристан F1 пробирка 5 шт.;372;https://klubsadprof.ru/upload/iblock/b1a/np0u7sehz1wa26wwtdjea58jst5b9cy2.jpg;"<div class=""product-description-inner tab-active"" data-tab-content=""product-description-1"">
<div class=""product-description-title"">Внешний вид</div>
<div class=""product-description-text"">Компактные и невысокие кусты клубники в высоту достигают максимум 25 см. Цветы данного растения весьма выделяются на фоне остальных сортов за счёт своей необычной палитры: они могут быть как белыми, так и варьироваться от розовых до красных тонов. Ягоды достаточно крупные, а их раннее созревание дополняет копилку плюсов «Тристана».</div>
<div class=""product-description-faq"" data-toggle-cover="""" data-toggle-link="""">
<div class=""product-description-faq-title"">
<div class=""product-description-prop"">
<img alt="""" class=""icon"" src=""/local/templates/klubsadprof/img/sempl/fruits.svg""/>
								Плоды
							</div>
<svg class=""icon product-description-faq-arrow"">
<use xlink:href=""/local/templates/klubsadprof/img/icons.svg#navigate-up""></use></svg>
</div>
<div class=""product-description-faq-content product-description-text"" data-toggle-content="""" data-toggle-height=""true"" data-toggle-static=""true"">
							Если говорить про сами ягоды, то стоит отметить их тёмно-красный цвет и вытянутую форму, масса составляет 30 г. Мякоть особенно сочная, сахаристая, но клубника может похвастаться и своим сладковатым запахом.						</div>
</div>
<div class=""product-description-title"">Преимущества сорта</div>
<div class=""product-description-text"">
						Большое количество соцветий обеспечивают внушительное количество урожая. Сорт является ремонтантным (длительное плодоношение), а также весьма нетребовательным к уходу, поскольку усообразовательная способность достаточно низкая и растение относительно зимостойкое.					</div>
<section class=""slider-info"">
</section>
</div>";
Каталог|Семена клубники;Земляника (Клубника) Флориан  F1 пробирка 5 шт.;Земляника (Клубника) Флориан  F1 пробирка 5 шт.;280;https://klubsadprof.ru/upload/iblock/1bc/kgsclmtylgph3f9jy3pwga86q5rfqkpi.jpg;"<div class=""product-description-inner tab-active"" data-tab-content=""product-description-1"">
<div class=""product-description-title"">Всхожесть</div>
<div class=""product-description-text"">98%</div>
<div class=""product-description-title"">Описание</div>
<div class=""product-description-text"">
						Этот сорт голландской селекции принадлежит к поколению круглогодично плодоносящей земляники. Высота кустарника обычно составляет около 30 см, диаметр его не превышает 35 см.					</div>
<div class=""product-description-faq"" data-toggle-cover="""" data-toggle-link="""">
<div class=""product-description-faq-title"">
<div class=""product-description-prop"">
<img alt="""" class=""icon"" src=""/local/templates/klubsadprof/img/sempl/flower.svg""/>
								Цветение
							</div>
<svg class=""icon product-description-faq-arrow"">
<use xlink:href=""/local/templates/klubsadprof/img/icons.svg#navigate-up""></use></svg>
</div>
<div class=""product-description-faq-content product-description-text"" data-toggle-content="""" data-toggle-height=""true"" data-toggle-static=""true"">
							Весной на растении формируются розовые соцветия, которые не прекращают образовываться вплоть до самой осени.						</div>
</div>
<div class=""product-description-faq"" data-toggle-cover="""" data-toggle-link="""">
<div class=""product-description-faq-title"">
<div class=""product-description-prop"">
<img alt="""" class=""icon"" src=""/local/templates/klubsadprof/img/sempl/productivity.svg""/>
								Урожайность
							</div>
<svg class=""icon product-description-faq-arrow"">
<use xlink:href=""/local/templates/klubsadprof/img/icons.svg#navigate-up""></use></svg>
</div>
<div class=""product-description-faq-content product-description-text"" data-toggle-content="""" data-toggle-height=""true"" data-toggle-static=""true"">
</div>
</div>
<div class=""product-description-faq"" data-toggle-cover="""" data-toggle-link="""">
<div class=""product-description-faq-title"">
<div class=""product-description-prop"">
<img alt="""" class=""icon"" src=""/local/templates/klubsadprof/img/sempl/fruits.svg""/>
								Плоды
							</div>
<svg class=""icon product-description-faq-arrow"">
<use xlink:href=""/local/templates/klubsadprof/img/icons.svg#navigate-up""></use></svg>
</div>
<div class=""product-description-faq-content product-description-text"" data-toggle-content="""" data-toggle-height=""true"" data-toggle-static=""true"">
							Форма плода коническая, кожица окрашена в ярко-красный цвет. Размер ягод составляет примерно 2 см, а масса 15-20 г. Вкус земляники сбалансированный, сладкий, с легкой кислинкой.						</div>
</div>
<div class=""product-description-title"">Уход и посадка </div>
<div class=""product-description-text"">
							Для начала следует подготовить почвенную смесь, которая состоит из 3 частей песка и 5 частей перегноя. Посев производится в конце февраля, начале марта. Грунт должен быть слегка увлажнен. Семена аккуратно распределяются по поверхности почвы вместе с песком. Первые всходы появятся уже через 3-4 недели. Когда появляются 1-2 листочка, посадки пикируются в отдельные горшки. Посадка в грунт производится после того, как на растении сформируется 6 полноценных листочков. Уход за растением сводится к прополке, рыхлению, увлажнению, внесению подкормок.						</div>
<div class=""product-description-title"">Сочетание с другими растениями </div>
<div class=""product-description-text"">
						Земляника неплохо уживается с такими растениями, как виноград, облепиха, а также с хвойными культурами. Неподалеку от земляники Флориан можно высадить:<br/>
<br/>
 1. Облепиху Галерит<br/>
 2. Виноград Каберне-Совиньон					</div>
<section class=""slider-info"">
</section>
</div>";
Каталог|Семена клубники;Земляника Аромат лета пробирка 4 шт.;Земляника Аромат лета пробирка 4 шт.;245;https://klubsadprof.ru/upload/iblock/d8b/m1sb3kud3gih6ez88w4kztr1x1sqhk71.jpg;"<div class=""product-description-inner tab-active"" data-tab-content=""product-description-1"">
<div class=""product-description-title"">Внешний вид</div>
<div class=""product-description-text"">Кусты земляники высокорослые (до 30 см), а белоснежные цветы являются прекрасным украшением, с которым могут соперничать лишь сами плоды растения. Листья «Аромата лета» светло-зелёные, однако большими размерами похвастаться не могут.</div>
<div class=""product-description-faq"" data-toggle-cover="""" data-toggle-link="""">
<div class=""product-description-faq-title"">
<div class=""product-description-prop"">
<img alt="""" class=""icon"" src=""/local/templates/klubsadprof/img/sempl/fruits.svg""/>
								Плоды
							</div>
<svg class=""icon product-description-faq-arrow"">
<use xlink:href=""/local/templates/klubsadprof/img/icons.svg#navigate-up""></use></svg>
</div>
<div class=""product-description-faq-content product-description-text"" data-toggle-content="""" data-toggle-height=""true"" data-toggle-static=""true"">
							Плотные ягоды насыщенного тёмно-красного цвета обладают изумительным вкусом, дополненным чарующим ароматом. В диаметре же плоды могут достигать 5 см.						</div>
</div>
<div class=""product-description-title"">Преимущества сорта</div>
<div class=""product-description-text"">
						Данный сорт отличается своей неприхотливостью и иммунитетом к основным инфекциям культуры. Растение не обладает чувствительностью к изменению светового дня, а также способно приспособиться к балконным условиям. И выращиваться как декоративная культура.					</div>
<section class=""slider-info"">
</section>
</div>";
Каталог|Семена клубники;Земляника Искушение, семена 10 шт.;Земляника Искушение, семена 10 шт.;111;https://klubsadprof.ru/upload/iblock/fed/fklldjtjqaz0gqcjkcdq2njt4xyk9agh/zemlyanika_iskushenie_semena_10_sht.jpg;"<div class=""product-description-inner tab-active"" data-tab-content=""product-description-1"">
<div class=""product-description-title"">Внешний вид</div>
<div class=""product-description-text"">Тип плодоношения земляники Искушение ремонтантный, это говорит о том, что за сезон можно собрать два, а если осень будет теплой, то и 3 урожая земляники. Растение представляет собой компактные кустики, покрытые темно-зеленой листвой, среднего размера. С одного куста можно собрать до 1,6 кг урожая. На растении формируется порядка 20 цветоносов. Цветки очень красивые нежно-розового цвета.</div>
<div class=""product-description-faq"" data-toggle-cover="""" data-toggle-link="""">
<div class=""product-description-faq-title"">
<div class=""product-description-prop"">
<img alt="""" class=""icon"" src=""/local/templates/klubsadprof/img/sempl/fruits.svg""/>
								Плоды
							</div>
<svg class=""icon product-description-faq-arrow"">
<use xlink:href=""/local/templates/klubsadprof/img/icons.svg#navigate-up""></use></svg>
</div>
<div class=""product-description-faq-content product-description-text"" data-toggle-content="""" data-toggle-height=""true"" data-toggle-static=""true"">
							Ягоды земляники Искушение довольно крупные, они имеют округло-конусовидную форму. Окрашена земляника в ярко-красный цвет, поверхность у нее глянцевая. Масса одной ягоды в среднем 30 г. Плоды плотные, мякоть мясистая и очень сочная, срез без вкраплений.						</div>
</div>
<div class=""product-description-title"">Преимущества сорта</div>
<div class=""product-description-text"">
<ol>
<li>
<p>
		 Скороспелый сорт.
	</p>
</li>
<li>
<p>
		 Продолжительное плодоношение.
	</p>
</li>
<li>
<p>
		 Высокая урожайность.
	</p>
</li>
<li>
<p>
		 Отличные вкусовые характеристики.
	</p>
</li>
</ol> </div>
<section class=""slider-info"">
</section>
</div>";
Каталог|Семена клубники;Земляника ремонтантная Радужное сокровище F1, семена;Земляника ремонтантная Радужное сокровище F1, семена;249;https://klubsadprof.ru/upload/iblock/078/nggh0p2fvz90akoizxdeicz6j2p2dkxs/Zemlyanika-remontantnaya-Raduzhnoe-sokrovishche.jpg;"<div class=""product-description-inner tab-active"" data-tab-content=""product-description-1"">
<div class=""product-description-title"">Описание</div>
<div class=""product-description-text"">
						Оригинальный гибрид, который обладает высокой продуктивностью, энергией и замечательной устойчивостью к болезням. Выращивается как декоративное растение в контейнерах, на подоконниках, террасах, балконах. До развития плодов клубника растения этого сорта украшена красочными, пятилепестковыми красными, розовыми и белыми цветами.					</div>
<div class=""product-description-faq"" data-toggle-cover="""" data-toggle-link="""">
<div class=""product-description-faq-title"">
<div class=""product-description-prop"">
<img alt="""" class=""icon"" src=""/local/templates/klubsadprof/img/sempl/fruits.svg""/>
								Плоды
							</div>
<svg class=""icon product-description-faq-arrow"">
<use xlink:href=""/local/templates/klubsadprof/img/icons.svg#navigate-up""></use></svg>
</div>
<div class=""product-description-faq-content product-description-text"" data-toggle-content="""" data-toggle-height=""true"" data-toggle-static=""true"">
							Плоды многочисленные и очень сладкие, конические, темно-красные, висят на декоративных, длинных, изогнутых стеблях.						</div>
</div>
<section class=""slider-info"">
</section>
</div>";
Каталог|Семена клубники;Фрагария Mara des Bois 1 шт.;Фрагария Mara des Bois 1 шт.;218;https://klubsadprof.ru/upload/iblock/54b/0a0veyrnew0uv4p2quldhbmhsgurtst8.jpg;"<div class=""product-description-inner tab-active"" data-tab-content=""product-description-1"">
<div class=""product-description-title"">Описание</div>
<div class=""product-description-text"">
						Куст аккуратный компактный, хорошо облиственный, образует очень много цветоносов. Цветоносы ниже уровня листьев.					</div>
<div class=""product-description-faq"" data-toggle-cover="""" data-toggle-link="""">
<div class=""product-description-faq-title"">
<div class=""product-description-prop"">
<img alt="""" class=""icon"" src=""/local/templates/klubsadprof/img/sempl/fruits.svg""/>
								Плоды
							</div>
<svg class=""icon product-description-faq-arrow"">
<use xlink:href=""/local/templates/klubsadprof/img/icons.svg#navigate-up""></use></svg>
</div>
<div class=""product-description-faq-content product-description-text"" data-toggle-content="""" data-toggle-height=""true"" data-toggle-static=""true"">
							Ягоды массой 18-26 г, правильной конической формы, красные блестящие. Мякоть красно-оранжевая, очень ароматная. Вкус выдающийся, сладкий даже после затяжных дождей. Зимостойкость и устойчивость к болезням хорошая.						</div>
</div>
<div class=""product-description-title"">Преимущества сорта</div>
<div class=""product-description-text"">
						Сорт предназначен для потребления в свежем виде, ягоды хранятся 3 дня. Транспортабельность средняя. Может выращиваться в теплицах, парниках, вертикальной культуре и открытом грунте.					</div>
<section class=""slider-info"">
</section>
</div>";
Каталог|Семена клубники;Фрагария Salsa 1 шт.;Фрагария Salsa 1 шт.;160;https://klubsadprof.ru/upload/iblock/aec/rl1c8aj1vjws8hl8281xfghul2jcjriy.jpg;"<div class=""product-description-inner tab-active"" data-tab-content=""product-description-1"">
<div class=""product-description-faq"" data-toggle-cover="""" data-toggle-link="""">
<div class=""product-description-faq-title"">
<div class=""product-description-prop"">
<img alt="""" class=""icon"" src=""/local/templates/klubsadprof/img/sempl/productivity.svg""/>
								Урожайность
							</div>
<svg class=""icon product-description-faq-arrow"">
<use xlink:href=""/local/templates/klubsadprof/img/icons.svg#navigate-up""></use></svg>
</div>
<div class=""product-description-faq-content product-description-text"" data-toggle-content="""" data-toggle-height=""true"" data-toggle-static=""true"">
</div>
</div>
<div class=""product-description-faq"" data-toggle-cover="""" data-toggle-link="""">
<div class=""product-description-faq-title"">
<div class=""product-description-prop"">
<img alt="""" class=""icon"" src=""/local/templates/klubsadprof/img/sempl/fruits.svg""/>
								Плоды
							</div>
<svg class=""icon product-description-faq-arrow"">
<use xlink:href=""/local/templates/klubsadprof/img/icons.svg#navigate-up""></use></svg>
</div>
<div class=""product-description-faq-content product-description-text"" data-toggle-content="""" data-toggle-height=""true"" data-toggle-static=""true"">
							Ягоды очень крупные, округло конической или конической формы. Средний вес ягоды 35 г., сочная с приятным вкусом.						</div>
</div>
<div class=""product-description-title"">Преимущества сорта</div>
<div class=""product-description-text"">
						Зимостойкий. Полевые испытания показали хорошую устойчивость к вертициллезу и мучнистой росе.					</div>
<section class=""slider-info"">
</section>
</div>";
Каталог|Семена клубники;Фрагария Elsanta 1 шт.;Фрагария Elsanta 1 шт.;125;https://klubsadprof.ru/upload/iblock/bd1/wsdqslansri7pdua1n4xdkuyfipc1qf4.jpg;"<div class=""product-description-inner tab-active"" data-tab-content=""product-description-1"">
<div class=""product-description-faq"" data-toggle-cover="""" data-toggle-link="""">
<div class=""product-description-faq-title"">
<div class=""product-description-prop"">
<img alt="""" class=""icon"" src=""/local/templates/klubsadprof/img/sempl/fruits.svg""/>
								Плоды
							</div>
<svg class=""icon product-description-faq-arrow"">
<use xlink:href=""/local/templates/klubsadprof/img/icons.svg#navigate-up""></use></svg>
</div>
<div class=""product-description-faq-content product-description-text"" data-toggle-content="""" data-toggle-height=""true"" data-toggle-static=""true"">
							Ягоды большие (40-50 г), конусоподобной формы, красного цвета с глянцевым покрытием и чашечкой среднего размера. Мякоть красного цвета, сладкая, с незначительной кислинкой ароматная, без внутренних пустот, семечки желтоватого цвета, очень многочисленные. Плодоножка от ягоды, в отличие от «Короны» отрывается легко. 						</div>
</div>
<div class=""product-description-title"">Преимущества сорта</div>
<div class=""product-description-text"">
						Эльсанта, согласно своим техническим характеристикам, пригодна для длительной транспортировки за счет высокой плотности мякоти, а также способна выдерживать трехдневный срок хранения в комнатных условиях. Ягода отличается высокими показателями товарности благодаря своей внешней привлекательности.					</div>
<section class=""slider-info"">
</section>
</div>";
Каталог|Семена клубники;Фрагария Lambada 1 шт.;Фрагария Lambada 1 шт.;125;https://klubsadprof.ru/upload/iblock/537/q8bzkww6f2vmf4ffowa07w7t9g9pyrrp.jpg;"<div class=""product-description-inner tab-active"" data-tab-content=""product-description-1"">
<div class=""product-description-title"">Описание</div>
<div class=""product-description-text"">
						Куст высокий, мало-раскидистый, цветоносы высокие, мощные. Большое количество усов.					</div>
<div class=""product-description-faq"" data-toggle-cover="""" data-toggle-link="""">
<div class=""product-description-faq-title"">
<div class=""product-description-prop"">
<img alt="""" class=""icon"" src=""/local/templates/klubsadprof/img/sempl/productivity.svg""/>
								Урожайность
							</div>
<svg class=""icon product-description-faq-arrow"">
<use xlink:href=""/local/templates/klubsadprof/img/icons.svg#navigate-up""></use></svg>
</div>
<div class=""product-description-faq-content product-description-text"" data-toggle-content="""" data-toggle-height=""true"" data-toggle-static=""true"">
</div>
</div>
<div class=""product-description-faq"" data-toggle-cover="""" data-toggle-link="""">
<div class=""product-description-faq-title"">
<div class=""product-description-prop"">
<img alt="""" class=""icon"" src=""/local/templates/klubsadprof/img/sempl/fruits.svg""/>
								Плоды
							</div>
<svg class=""icon product-description-faq-arrow"">
<use xlink:href=""/local/templates/klubsadprof/img/icons.svg#navigate-up""></use></svg>
</div>
<div class=""product-description-faq-content product-description-text"" data-toggle-content="""" data-toggle-height=""true"" data-toggle-static=""true"">
							Ягода округло-конической формы, размер крупнее среднего – 40г., насыщенного красного цвета. Мякоть без пустот внутри, средней плотности, свело-красная. Очень приятного вкуса, сладкая, с земляничным ароматом.						</div>
</div>
<div class=""product-description-title"">Преимущества сорта</div>
<div class=""product-description-text"">
						Созревшие ягоды не лежат на земле, оставаясь чистыми, устойчив ко многим заболеваниям  (серой гнили, фитофторозу  ....), отличная морозостойкость, неприхотлив к запущенности посадок, плоды универсального назначения, невысокая транспортабельность, при высокой влажности может поражаться мучнистой росой.					</div>
<section class=""slider-info"">
</section>
</div>";
Каталог|Семена клубники;Земляника ремонтантная Белая душа, семена;Земляника ремонтантная Белая душа, семена;98;https://klubsadprof.ru/upload/iblock/4de/k0xzatgknw0n9gds2wiwpncqr0tf8jbh.jpg;"<div class=""product-description-inner tab-active"" data-tab-content=""product-description-1"">
<div class=""product-description-title"">Описание</div>
<div class=""product-description-text"">
						Многолетник. Очень продуктивный ремонтантный сорт. Формирует компактный кустик высотой 15 см. Цветение и плодоношение наступает рано и продолжается до глубокой осени.					</div>
<div class=""product-description-faq"" data-toggle-cover="""" data-toggle-link="""">
<div class=""product-description-faq-title"">
<div class=""product-description-prop"">
<img alt="""" class=""icon"" src=""/local/templates/klubsadprof/img/sempl/fruits.svg""/>
								Плоды
							</div>
<svg class=""icon product-description-faq-arrow"">
<use xlink:href=""/local/templates/klubsadprof/img/icons.svg#navigate-up""></use></svg>
</div>
<div class=""product-description-faq-content product-description-text"" data-toggle-content="""" data-toggle-height=""true"" data-toggle-static=""true"">
							Ягоды кремово-белые, конические, при созревании приобретают вкус и аромат ананаса. Рекомендуется для непосредственного употребления, приготовления морсов, компотов, варенья, джемов.						</div>
</div>
<section class=""slider-info"">
</section>
</div>";
Каталог|Семена клубники;Земляника Сладкий поцелуй пробирка 4 шт.;Земляника Сладкий поцелуй пробирка 4 шт.;318;https://klubsadprof.ru/upload/iblock/27b/qxlqvxp50oqugk4lgk5wqjef680819ei.jpg;"<div class=""product-description-inner tab-active"" data-tab-content=""product-description-1"">
<div class=""product-description-title"">Внешний вид</div>
<div class=""product-description-text"">Имеет достаточно мощный куст и способна вырастать до 26 см. Тёмно-зелёные листья растения весьма крупные, усы образовываются равномерно и обладают прочными цветоносами. Отличителен оттенок не менее крупных цветов во время цветения — нежно-розовый, а также насыщенный тёмно-красный цвет ягод во время плодоношения.</div>
<div class=""product-description-faq"" data-toggle-cover="""" data-toggle-link="""">
<div class=""product-description-faq-title"">
<div class=""product-description-prop"">
<img alt="""" class=""icon"" src=""/local/templates/klubsadprof/img/sempl/fruits.svg""/>
								Плоды
							</div>
<svg class=""icon product-description-faq-arrow"">
<use xlink:href=""/local/templates/klubsadprof/img/icons.svg#navigate-up""></use></svg>
</div>
<div class=""product-description-faq-content product-description-text"" data-toggle-content="""" data-toggle-height=""true"" data-toggle-static=""true"">
							Тупоконечные ягоды «Сладкого поцелуя» характеризуются сильно выраженным приятным кисло-сладким вкусом и земляничным ароматом, могут достигать массы до 30 г.						</div>
</div>
<div class=""product-description-title"">Преимущества сорта</div>
<div class=""product-description-text"">
						Устойчивость к неблагоприятным условиям окружающей среды и хороший иммунитет против болезней красят данное растение. Относится к ранним сортам, а также к сортам длительного плодоношения.					</div>
<section class=""slider-info"">
</section>
</div>";
Каталог|Семена клубники;Земляника Заря* 0,01 г;Земляника Заря* 0,01 г;152;https://klubsadprof.ru/upload/iblock/799/riyb0v00cqy9k7gwdcuh8s5zh92pgtxe.jpg;"<div class=""product-description-inner tab-active"" data-tab-content=""product-description-1"">
<div class=""product-description-title"">Внешний вид</div>
<div class=""product-description-text"">Клубничные кусты сильные, слабораскидистые, обладающие короткими цветоносами, но крупными тёмно-зелёными листьями. Цветы среднего размера отличаются своей прекрасной белизной, а ярко-красные ягоды позволяют назвать «Зарю» настоящим произведением искусства.</div>
<div class=""product-description-faq"" data-toggle-cover="""" data-toggle-link="""">
<div class=""product-description-faq-title"">
<div class=""product-description-prop"">
<img alt="""" class=""icon"" src=""/local/templates/klubsadprof/img/sempl/fruits.svg""/>
								Плоды
							</div>
<svg class=""icon product-description-faq-arrow"">
<use xlink:href=""/local/templates/klubsadprof/img/icons.svg#navigate-up""></use></svg>
</div>
<div class=""product-description-faq-content product-description-text"" data-toggle-content="""" data-toggle-height=""true"" data-toggle-static=""true"">
							Ягоды средних размеров и имеют яйцевидную форму с короткой шейкой, а также характерный земляничный запах. Вкус кисло-сладкий, немного напоминает дикую землянику. Средняя масса ягоды первой ягоды достигает порой массы в 24 г, однако последующие ягоды будут весом не более 7-9 г.						</div>
</div>
<div class=""product-description-title"">Преимущества сорта</div>
<div class=""product-description-text"">
						Данное растение относится к зимнестойким и раннеспелым сортам, что дополняется высоким показателем урожайности. Неприхотливость, позволяющая выращивать землянику этого сорта в любом регионе, — ещё один приятный бонус.					</div>
<section class=""slider-info"">
</section>
</div>";
Каталог|Семена клубники;Фрагария Selva 1 шт.;Фрагария Selva 1 шт.;160;https://klubsadprof.ru/upload/iblock/64c/86jgjldg31sp58ff2gj9fywu3a0sn218.jpg;"<div class=""product-description-inner tab-active"" data-tab-content=""product-description-1"">
<div class=""product-description-title"">Описание</div>
<div class=""product-description-text"">
						Куст крепкий, пышный, высотой до 50 см. Этот сорт можно выращивать как вьющееся растение на шпалере или ампельное растение в подвесных корзинах.					</div>
<div class=""product-description-faq"" data-toggle-cover="""" data-toggle-link="""">
<div class=""product-description-faq-title"">
<div class=""product-description-prop"">
<img alt="""" class=""icon"" src=""/local/templates/klubsadprof/img/sempl/fruits.svg""/>
								Плоды
							</div>
<svg class=""icon product-description-faq-arrow"">
<use xlink:href=""/local/templates/klubsadprof/img/icons.svg#navigate-up""></use></svg>
</div>
<div class=""product-description-faq-content product-description-text"" data-toggle-content="""" data-toggle-height=""true"" data-toggle-static=""true"">
							Ягоды очень крупные до 75 г, правильной конической формы, ароматные и сладкие. Имеет очень высокий потенциал продуктивности.						</div>
</div>
<div class=""product-description-title"">Преимущества сорта</div>
<div class=""product-description-text"">
						Цветет обильно, плодоносит на усах текущего года, можно возделывать в шпалерной культуре. Мало подвержен заболеваниям, но требователен к поливу, при плохом поливе ягоды мельчают. Сорт зимостойкий, очень урожайный.					</div>
<section class=""slider-info"">
</section>
</div>";
Каталог|Семена клубники;Фрагария Tago 1 шт.;Фрагария Tago 1 шт.;125;https://klubsadprof.ru/upload/iblock/939/qrj2umph38hhxc2e7aoewuhznlsfx92w.jpg;"<div class=""product-description-inner tab-active"" data-tab-content=""product-description-1"">
<div class=""product-description-title"">Описание</div>
<div class=""product-description-text"">
						Среднеспелый, высокоурожайный. Кусты компактные.					</div>
<div class=""product-description-faq"" data-toggle-cover="""" data-toggle-link="""">
<div class=""product-description-faq-title"">
<div class=""product-description-prop"">
<img alt="""" class=""icon"" src=""/local/templates/klubsadprof/img/sempl/fruits.svg""/>
								Плоды
							</div>
<svg class=""icon product-description-faq-arrow"">
<use xlink:href=""/local/templates/klubsadprof/img/icons.svg#navigate-up""></use></svg>
</div>
<div class=""product-description-faq-content product-description-text"" data-toggle-content="""" data-toggle-height=""true"" data-toggle-static=""true"">
							Ягоды средние, красные, мякоть хорошо окрашена, темная, плотная; ягоды хорошо транспортируются. Сорт рекомендуется для вареньев и компотов.						</div>
</div>
<div class=""product-description-title"">Преимущества сорта</div>
<div class=""product-description-text"">
						Сорт зимостойкий, устойчив к комплексу основных грибных и бактериальных болезней.					</div>
<section class=""slider-info"">
</section>
</div>";
Каталог|Семена клубники;Фрагария Elianny 1 шт.;Фрагария Elianny 1 шт.;218;https://klubsadprof.ru/upload/iblock/010/vpp8f475rbg8nttyttv4cp5dlas3tpi3.jpg;"<div class=""product-description-inner tab-active"" data-tab-content=""product-description-1"">
<div class=""product-description-title"">Описание</div>
<div class=""product-description-text"">
						Садовая земляника Элиани - кустовое растение с пряморастущей листвой. Она относится к самоопыляющимся сортам. Цветёт белыми цветами на средней длине цветоножки. Начало созревания последняя декада мая и до конца июня.					</div>
<div class=""product-description-faq"" data-toggle-cover="""" data-toggle-link="""">
<div class=""product-description-faq-title"">
<div class=""product-description-prop"">
<img alt="""" class=""icon"" src=""/local/templates/klubsadprof/img/sempl/productivity.svg""/>
								Урожайность
							</div>
<svg class=""icon product-description-faq-arrow"">
<use xlink:href=""/local/templates/klubsadprof/img/icons.svg#navigate-up""></use></svg>
</div>
<div class=""product-description-faq-content product-description-text"" data-toggle-content="""" data-toggle-height=""true"" data-toggle-static=""true"">
</div>
</div>
<div class=""product-description-faq"" data-toggle-cover="""" data-toggle-link="""">
<div class=""product-description-faq-title"">
<div class=""product-description-prop"">
<img alt="""" class=""icon"" src=""/local/templates/klubsadprof/img/sempl/fruits.svg""/>
								Плоды
							</div>
<svg class=""icon product-description-faq-arrow"">
<use xlink:href=""/local/templates/klubsadprof/img/icons.svg#navigate-up""></use></svg>
</div>
<div class=""product-description-faq-content product-description-text"" data-toggle-content="""" data-toggle-height=""true"" data-toggle-static=""true"">
							Прекрасные, крупные ягоды, слегка конической формы. Цвет кожицы светло-красный с лёгким блеском. Клубника Элианни восхитительна на вкус. Свежий кисло-сладкий вкус оценили многие, и поэтому идеально подходит для использования во всех видах блюд. Аромат, форма и цвет объединяются, чтобы создать пиковый опыт под названием Элианни.						</div>
</div>
<div class=""product-description-title"">Преимущества сорта</div>
<div class=""product-description-text"">
						Ягоды прекрасно переносят транспортировку и хранение в течение нескольких дней. Низкие требования к почвенным условиям. Сорт устойчив к дождливой погоде, довольно устойчив к серой гнили и другим заболеваниям, не поражается клещом. Благодаря большой плотности плодов, их редко поражает серая плесень.					</div>
<section class=""slider-info"">
</section>
</div>";
Каталог|Семена клубники;Фрагария Polka 1 шт.;Фрагария Polka 1 шт.;125;https://klubsadprof.ru/upload/iblock/0f7/52g0ksfndf4af59piw7a4t0ud4dbtgcb.jpg;"<div class=""product-description-inner tab-active"" data-tab-content=""product-description-1"">
<div class=""product-description-title"">Описание</div>
<div class=""product-description-text"">
						Клубничные кусты сорта «Полка» средней высоты, компактного типа, с густой облиственностью и высокой усообразовательной способностью.					</div>
<div class=""product-description-faq"" data-toggle-cover="""" data-toggle-link="""">
<div class=""product-description-faq-title"">
<div class=""product-description-prop"">
<img alt="""" class=""icon"" src=""/local/templates/klubsadprof/img/sempl/productivity.svg""/>
								Урожайность
							</div>
<svg class=""icon product-description-faq-arrow"">
<use xlink:href=""/local/templates/klubsadprof/img/icons.svg#navigate-up""></use></svg>
</div>
<div class=""product-description-faq-content product-description-text"" data-toggle-content="""" data-toggle-height=""true"" data-toggle-static=""true"">
</div>
</div>
<div class=""product-description-faq"" data-toggle-cover="""" data-toggle-link="""">
<div class=""product-description-faq-title"">
<div class=""product-description-prop"">
<img alt="""" class=""icon"" src=""/local/templates/klubsadprof/img/sempl/fruits.svg""/>
								Плоды
							</div>
<svg class=""icon product-description-faq-arrow"">
<use xlink:href=""/local/templates/klubsadprof/img/icons.svg#navigate-up""></use></svg>
</div>
<div class=""product-description-faq-content product-description-text"" data-toggle-content="""" data-toggle-height=""true"" data-toggle-static=""true"">
							Ягоды Fragaria Polka ровные, темно-красного цвета, очень вкусные, с карамельно-сладкой и ароматной мякотью. Поверхность ягоды привлекательная, с блеском. Средняя масса ягоды составляет не менее 12 20 г.						</div>
</div>
<section class=""slider-info"">
</section>
</div>";
Каталог|Семена клубники;Фрагария Raspberry strawberry 1 шт.;Фрагария Raspberry strawberry 1 шт.;86;https://klubsadprof.ru/upload/iblock/cad/f3lg81x6tom7ty4tn3q8pngdpzvyf1pj.jpg;"<div class=""product-description-inner tab-active"" data-tab-content=""product-description-1"">
<div class=""product-description-title"">Внешний вид</div>
<div class=""product-description-text"">Многолетнее травянистое растение. Стебель прямостоячий, 15—40 см высотой, значительно длиннее собранных в розетку прикорневых листьев. </div>
<div class=""product-description-faq"" data-toggle-cover="""" data-toggle-link="""">
<div class=""product-description-faq-title"">
<div class=""product-description-prop"">
<img alt="""" class=""icon"" src=""/local/templates/klubsadprof/img/sempl/fruits.svg""/>
								Плоды
							</div>
<svg class=""icon product-description-faq-arrow"">
<use xlink:href=""/local/templates/klubsadprof/img/icons.svg#navigate-up""></use></svg>
</div>
<div class=""product-description-faq-content product-description-text"" data-toggle-content="""" data-toggle-height=""true"" data-toggle-static=""true"">
							Плоды мелкие (3—5 г), с сильным специфическим ароматом мёда, мускуса и вина, яйцевидные или шаровидные, при основании суженные в свободную от плодиков (орешков) шейку, белые, зеленовато-белые и лишь с одного боку краснеющие, розоватые или реже красные, трудно отделяющиеся от цветоложа. 						</div>
</div>
<section class=""slider-info"">
</section>
</div>";
Каталог|Семена клубники;Земляника Холидей* 0,03 г;Земляника Холидей* 0,03 г;50;https://klubsadprof.ru/upload/iblock/5b8/mkkuyk55j283s5ydij0kbzmh59v5ttbm.png;"<div class=""product-description-inner tab-active"" data-tab-content=""product-description-1"">
<div class=""product-description-title"">Внешний вид</div>
<div class=""product-description-text"">Земляника формирует раскидистые кусты среднего размера, однако выглядит достаточно компактно. Листья «Холидея» крупные, светло-зелёного цвета, под ними располагаются крепкие цветоносы, не склонные полегать на грунт под тяжестью плодов. Ярко-красные ягоды точно привлекут внимание и не останутся незамеченными.</div>
<div class=""product-description-faq"" data-toggle-cover="""" data-toggle-link="""">
<div class=""product-description-faq-title"">
<div class=""product-description-prop"">
<img alt="""" class=""icon"" src=""/local/templates/klubsadprof/img/sempl/fruits.svg""/>
								Плоды
							</div>
<svg class=""icon product-description-faq-arrow"">
<use xlink:href=""/local/templates/klubsadprof/img/icons.svg#navigate-up""></use></svg>
</div>
<div class=""product-description-faq-content product-description-text"" data-toggle-content="""" data-toggle-height=""true"" data-toggle-static=""true"">
							Плоды средних размеров, правильной конической формы, но при первом сборе могут наблюдаться гребневидные экземпляры. Средняя масса ягод — 32 г, однако к концу сезона урожай мельчает, достигая отметки 10 г. Нельзя не упомянуть их особенный десертный вкус, дополняемый приятной кислинкой и восхитительным ароматом.						</div>
</div>
<div class=""product-description-title"">Преимущества сорта</div>
<div class=""product-description-text"">
						Данный сорт неремонтантный, но позволяет лакомиться ягодами в августе, когда все остальные сорта уже закончили плодоношение. Имеет устойчивость к большинству болезней и вредителей, а также к засушливым периодам. Отмечают и его зимостойкость.					</div>
<section class=""slider-info"">
</section>
</div>";
Каталог|Семена клубники;Земляника (Клубника) Роман F1 пробирка 5 шт.;Земляника (Клубника) Роман F1 пробирка 5 шт.;401;https://klubsadprof.ru/upload/iblock/d9a/gzx533lpngqkdw012omscb4q92ht3k41.jpg;"<div class=""product-description-inner tab-active"" data-tab-content=""product-description-1"">
<div class=""product-description-title"">Внешний вид</div>
<div class=""product-description-text"">Мощные, но достаточно компактные кусты, достигающие порой в высоту 30 см, а также необычной чертой которых являются ярко-розовые крупные цветки. Длинные пасынки также довольно необычны, так как могут достигать в длину 100 см.</div>
<div class=""product-description-faq"" data-toggle-cover="""" data-toggle-link="""">
<div class=""product-description-faq-title"">
<div class=""product-description-prop"">
<img alt="""" class=""icon"" src=""/local/templates/klubsadprof/img/sempl/fruits.svg""/>
								Плоды
							</div>
<svg class=""icon product-description-faq-arrow"">
<use xlink:href=""/local/templates/klubsadprof/img/icons.svg#navigate-up""></use></svg>
</div>
<div class=""product-description-faq-content product-description-text"" data-toggle-content="""" data-toggle-height=""true"" data-toggle-static=""true"">
							Тёмно-красные ягоды отличаются особенно красивой каплевидной формой, имеют вес до 30 г. Ярко выраженный сладкий вкус дополняется приятным тонким ароматом, способным покорить любое сердце.						</div>
</div>
<div class=""product-description-title"">Преимущества сорта</div>
<div class=""product-description-text"">
						Считается неприхотливым растением, способным прижиться даже в домашних условиях. Сорт ремонтантный, то есть способный обильно плодоносить несколько раз за сезон, а в домашних условиях возможен круглогодичный сбор урожая.					</div>
<section class=""slider-info"">
</section>
</div>";
Каталог|Семена клубники;Земляника ремонтантная Регина F1, семена;Земляника ремонтантная Регина F1, семена;64;https://klubsadprof.ru/upload/iblock/ee5/9jwvrhuggzii8l9g0vphqi7zvjf10uei.png;"<div class=""product-description-inner tab-active"" data-tab-content=""product-description-1"">
<div class=""product-description-title"">Описание</div>
<div class=""product-description-text"">
						Компактный кустик высотой 20 см. Длительный период плодоношения с высокой урожайностью. Сорт крупноплодный, без усов, ремонтантный.					</div>
<div class=""product-description-faq"" data-toggle-cover="""" data-toggle-link="""">
<div class=""product-description-faq-title"">
<div class=""product-description-prop"">
<img alt="""" class=""icon"" src=""/local/templates/klubsadprof/img/sempl/fruits.svg""/>
								Плоды
							</div>
<svg class=""icon product-description-faq-arrow"">
<use xlink:href=""/local/templates/klubsadprof/img/icons.svg#navigate-up""></use></svg>
</div>
<div class=""product-description-faq-content product-description-text"" data-toggle-content="""" data-toggle-height=""true"" data-toggle-static=""true"">
							Плоды среднего размера, удлиненно-овальной формы с ярко-красным окрасом, глянцевые. Сорт земляники Регина альпийская с приятным ароматом лесной земляники. Хорошая транспонтабельность - ягоды выдерживаю длительную перевозку и долго хранятся в свежем виде.						</div>
</div>
<section class=""slider-info"">
</section>
</div>";
Каталог|Семена клубники;Земляника Золушка* 0,03 г;Земляника Золушка* 0,03 г;50;https://klubsadprof.ru/upload/iblock/a9e/w5jfumofmq05t9l0zhcgj0l6nawkgbug.jpg;"<div class=""product-description-inner tab-active"" data-tab-content=""product-description-1"">
<div class=""product-description-title"">Внешний вид</div>
<div class=""product-description-text"">Растения этого сорта раскидистые, высокие, однако достаточно компактные. Крупные тёмно-зелёные листья надёжно прячут плоды от птиц и солнца, а мощные цветоносы выдерживают тяжёлые ярко-красные ягоды, не склоняясь к земле.</div>
<div class=""product-description-faq"" data-toggle-cover="""" data-toggle-link="""">
<div class=""product-description-faq-title"">
<div class=""product-description-prop"">
<img alt="""" class=""icon"" src=""/local/templates/klubsadprof/img/sempl/fruits.svg""/>
								Плоды
							</div>
<svg class=""icon product-description-faq-arrow"">
<use xlink:href=""/local/templates/klubsadprof/img/icons.svg#navigate-up""></use></svg>
</div>
<div class=""product-description-faq-content product-description-text"" data-toggle-content="""" data-toggle-height=""true"" data-toggle-static=""true"">
							Ягоды этого сорта земляники весьма крупные, при первом сборе их масса может достигать 25 г, но последующие уже будут меньше в размерах и массе, не больше 8 г. Их сладкий вкус не лишён изящной кислинки, поэтому урожай отлично подойдет к использованию в приготовлении десертов.						</div>
</div>
<div class=""product-description-title"">Преимущества сорта</div>
<div class=""product-description-text"">
						«Золушка» отлично переносит перепады температуры, отличается своей урожайностью и высоким иммунитетом к мучнистой росе. Также её ценят за нетребовательность к уходу и прекрасную зимостойкость.					</div>
<section class=""slider-info"">
</section>
</div>";
Каталог|Семена клубники;Фрагария Maxim 1 шт.;Фрагария Maxim 1 шт.;160;https://klubsadprof.ru/upload/iblock/93c/4w2lnnacenapzlilen2o04k7dky1v1gq.jpg;"<div class=""product-description-inner tab-active"" data-tab-content=""product-description-1"">
<div class=""product-description-title"">Описание</div>
<div class=""product-description-text"">
						Широко известный, крупноплодный сорт голландской селекции, среднепозднего срока созревания. Кусты мощные, несут крупные цветоносы, дают усы толщиной с карандаш.					</div>
<div class=""product-description-faq"" data-toggle-cover="""" data-toggle-link="""">
<div class=""product-description-faq-title"">
<div class=""product-description-prop"">
<img alt="""" class=""icon"" src=""/local/templates/klubsadprof/img/sempl/productivity.svg""/>
								Урожайность
							</div>
<svg class=""icon product-description-faq-arrow"">
<use xlink:href=""/local/templates/klubsadprof/img/icons.svg#navigate-up""></use></svg>
</div>
<div class=""product-description-faq-content product-description-text"" data-toggle-content="""" data-toggle-height=""true"" data-toggle-static=""true"">
</div>
</div>
<div class=""product-description-faq"" data-toggle-cover="""" data-toggle-link="""">
<div class=""product-description-faq-title"">
<div class=""product-description-prop"">
<img alt="""" class=""icon"" src=""/local/templates/klubsadprof/img/sempl/fruits.svg""/>
								Плоды
							</div>
<svg class=""icon product-description-faq-arrow"">
<use xlink:href=""/local/templates/klubsadprof/img/icons.svg#navigate-up""></use></svg>
</div>
<div class=""product-description-faq-content product-description-text"" data-toggle-content="""" data-toggle-height=""true"" data-toggle-static=""true"">
							Ягоды очень крупные (до 110-125 г), плотные, с сочной и рыхлой мякотью, ананасового вкуса.						</div>
</div>
<div class=""product-description-title"">Преимущества сорта</div>
<div class=""product-description-text"">
						Сорт устойчив к болезням, но среднезимостойкий.					</div>
<section class=""slider-info"">
</section>
</div>";
Каталог|Семена клубники;Фрагария Symphony 1 шт.;Фрагария Symphony 1 шт.;160;https://klubsadprof.ru/upload/iblock/9d7/gy2ndaps12br6rkl9c1i3ab8a6tc98fn.jpg;"<div class=""product-description-inner tab-active"" data-tab-content=""product-description-1"">
<div class=""product-description-history"">
<div class=""product-description-title"">История селекции</div>
<div class=""product-description-text"">Сорт шотландской селекции, выведенный в 1979 году, среднепозднего срока созревания (практически одновременно с Зенгой Зенганой).</div>
</div>
<div class=""product-description-faq"" data-toggle-cover="""" data-toggle-link="""">
<div class=""product-description-faq-title"">
<div class=""product-description-prop"">
<img alt="""" class=""icon"" src=""/local/templates/klubsadprof/img/sempl/fruits.svg""/>
								Плоды
							</div>
<svg class=""icon product-description-faq-arrow"">
<use xlink:href=""/local/templates/klubsadprof/img/icons.svg#navigate-up""></use></svg>
</div>
<div class=""product-description-faq-content product-description-text"" data-toggle-content="""" data-toggle-height=""true"" data-toggle-static=""true"">
							Ягоды среднего и большого размера, окраска интенсивно-красная, с сильным блеском. Мякоть красная, равномерно окрашенная, ароматная, приятного десертного вкуса. Обильноплодоносящий сорт.						</div>
</div>
<div class=""product-description-title"">Преимущества сорта</div>
<div class=""product-description-text"">
						Сорт отличается высокой морозостойкостью, устойчивостью к серой гнили и вертициллёзному увяданию.					</div>
<section class=""slider-info"">
</section>
</div>";
Каталог|Семена клубники;Фрагария Elvira 1 шт.;Фрагария Elvira 1 шт.;125;https://klubsadprof.ru/upload/iblock/bad/byew0dom5vvovcwudnp4n9h8uz5brda1.jpg;"<div class=""product-description-inner tab-active"" data-tab-content=""product-description-1"">
<div class=""product-description-title"">Описание</div>
<div class=""product-description-text"">
						Эльвира относится к категории крупноплодных. Растение формирует полураскидистые кусты с незначительной облиственностью.					</div>
<div class=""product-description-faq"" data-toggle-cover="""" data-toggle-link="""">
<div class=""product-description-faq-title"">
<div class=""product-description-prop"">
<img alt="""" class=""icon"" src=""/local/templates/klubsadprof/img/sempl/productivity.svg""/>
								Урожайность
							</div>
<svg class=""icon product-description-faq-arrow"">
<use xlink:href=""/local/templates/klubsadprof/img/icons.svg#navigate-up""></use></svg>
</div>
<div class=""product-description-faq-content product-description-text"" data-toggle-content="""" data-toggle-height=""true"" data-toggle-static=""true"">
</div>
</div>
<div class=""product-description-faq"" data-toggle-cover="""" data-toggle-link="""">
<div class=""product-description-faq-title"">
<div class=""product-description-prop"">
<img alt="""" class=""icon"" src=""/local/templates/klubsadprof/img/sempl/fruits.svg""/>
								Плоды
							</div>
<svg class=""icon product-description-faq-arrow"">
<use xlink:href=""/local/templates/klubsadprof/img/icons.svg#navigate-up""></use></svg>
</div>
<div class=""product-description-faq-content product-description-text"" data-toggle-content="""" data-toggle-height=""true"" data-toggle-static=""true"">
							Ягоды очень крупные, привлекательной округлой формы, средней массой 40-60 г. Поверхность ягоды очень красивого ярко-красного цвета с выраженным блеском. Ягодная мякоть красная, достаточно плотная, обладает необыкновенно сладким и ярким земляничным ароматом. Во вкусе отсутствует кислота.						</div>
</div>
<div class=""product-description-title"">Преимущества сорта</div>
<div class=""product-description-text"">
						Основными достоинствами садовой земляники являются повышенная устойчивость к поражению различными грибковыми ягодными болезнями, а также заболеваниями корневой системы и листьев. Именно поэтому данный сорт является просто незаменимым для культивирования на переувлажненных и холодных участках, а также в тепличных условиях. Кроме того, ягоды прекрасно переносят относительно длительную транспортировку и обладают очень неплохими показателями лежкости.					</div>
<section class=""slider-info"">
</section>
</div>";
Каталог|Семена клубники;Земляника (Клубника) Белтран  F1 пробирка 5 шт.;Земляника (Клубника) Белтран  F1 пробирка 5 шт.;401;https://klubsadprof.ru/upload/iblock/229/kn24hfp7tk63w4rqfedii6y9jbanz4wp.jpg;"<div class=""product-description-inner tab-active"" data-tab-content=""product-description-1"">
<div class=""product-description-title"">Внешний вид</div>
<div class=""product-description-text"">Густообразный тёмно-зелёный кустик, приметны красивые белоснежные цветки. Может вырастать до 25 см в высоту. Отличается крупными конусовидными ягодами, гроздьями свешивающимися вниз.</div>
<div class=""product-description-faq"" data-toggle-cover="""" data-toggle-link="""">
<div class=""product-description-faq-title"">
<div class=""product-description-prop"">
<img alt="""" class=""icon"" src=""/local/templates/klubsadprof/img/sempl/fruits.svg""/>
								Плоды
							</div>
<svg class=""icon product-description-faq-arrow"">
<use xlink:href=""/local/templates/klubsadprof/img/icons.svg#navigate-up""></use></svg>
</div>
<div class=""product-description-faq-content product-description-text"" data-toggle-content="""" data-toggle-height=""true"" data-toggle-static=""true"">
							Цвет плодов насыщенно-красный, можно отметить и его яркость. Ягоды не особо крупные, среднего размера, масса может достигать 25 г. Упоминания достоин и вкус Белтрана, отличающийся своей сладостью, да и приятный аромат прекрасное к нему дополнение.						</div>
</div>
<div class=""product-description-title"">Преимущества сорта</div>
<div class=""product-description-text"">
						Основная особенность Белтрана в возможности плодоносить несколько раз за сезон, а в балконных условиях может делать это и в течение целого года. Большое количество плодоносящих и цветущих розеток — ещё один плюс данного сорта.					</div>
<section class=""slider-info"">
</section>
</div>";
Каталог|Семена клубники;Земляника Красная шапочка* 0,01 г;Земляника Красная шапочка* 0,01 г;71;https://klubsadprof.ru/upload/iblock/344/5r8idedsz9sbne8hr323ddn7y3teck91.jpg;"<div class=""product-description-inner tab-active"" data-tab-content=""product-description-1"">
<div class=""product-description-title"">Внешний вид</div>
<div class=""product-description-text"">Кусты растения полураскидистые, средней высоты — до 25 см. Множество тёмно-зелёных листьев, чуть ниже которых вырастают цветоносы, образующие большое количество соцветий. Белоснежные цветки признак цветения «Красной шапочки», а нестандартная, ребристая форма темно-красных ягод может легко удивить.</div>
<div class=""product-description-faq"" data-toggle-cover="""" data-toggle-link="""">
<div class=""product-description-faq-title"">
<div class=""product-description-prop"">
<img alt="""" class=""icon"" src=""/local/templates/klubsadprof/img/sempl/fruits.svg""/>
								Плоды
							</div>
<svg class=""icon product-description-faq-arrow"">
<use xlink:href=""/local/templates/klubsadprof/img/icons.svg#navigate-up""></use></svg>
</div>
<div class=""product-description-faq-content product-description-text"" data-toggle-content="""" data-toggle-height=""true"" data-toggle-static=""true"">
							Ягоды растения весьма крупные, массой до 30 г, а первые плоды порой достигают массы до 35 г. Мякоть плотная и сочная, отличается приятным сладким вкусом и земляничным ароматом.						</div>
</div>
<div class=""product-description-title"">Преимущества сорта</div>
<div class=""product-description-text"">
						Данный сорт является ремонтантным, то есть способным плодоносить несколько раз за сезон, характеризуется ранними сроками плодоношения. Эта земляника относится к числу высокоурожайных, поэтому достаточно скоро после посадки порадует обильным количеством плодов, и зимостойких, способна выдерживать морозы до -35 градусов.					</div>
<section class=""slider-info"">
</section>
</div>";
