Каталог|Средства для защиты;Средство для защиты от ос и шершней Отос;Средство для защиты от ос и шершней Отос;25;https://klubsadprof.ru/local/templates/klubsadprof/components/bitrix/catalog.element/custom_store_v3/images/no_photo.png;"<div class=""product-description-inner tab-active"" data-tab-content=""product-description-1"">
<div class=""product-description-title"">Описание</div>
<div class=""product-description-text"">
						Средство для защиты от ос и шершней ОТОС специально разработано для использования в личных приусадебных хозяйствах. Препарат представляет собой приманку, состоящую из нескольких компонентов. Осы и шершни прилетают на ее запах, контактируют и погибают. Для полезных насекомых и пчел ОТОС безопасен. Использование ядовитых приманок — самый экологичный и безопасный для человека способ уничтожения опасных насекомых.					</div>
<section class=""slider-info"">
</section>
</div>";
Каталог|Средства для защиты;Средство для защиты от слизней и улиток Слизнеед Нео;Средство для защиты от слизней и улиток Слизнеед Нео;25;https://klubsadprof.ru/upload/iblock/856/0rnnuz76rab1x124zcmr6f4vtkkjo2ek/sredstvo_dlya_zashity_ot_slizney_i_ulitok_slizneed_neo_27_rub.jpg;"<div class=""product-description-inner tab-active"" data-tab-content=""product-description-1"">
<div class=""product-description-title"">Описание</div>
<div class=""product-description-text"">
						Современный препарат от слизней и улиток на овощных, плодовых, ягодных, цитрусовых, цветочно-декоративных культурах и винограде. Удобен в применении, обладает высокой эффективностью и длительным защитным действием, помогает избежать снижения урожайности и потери товарного вида продукции.					</div>
<section class=""slider-info"">
</section>
</div>";
Каталог|Средства для защиты;Средство защиты от сорняков Миура;Средство защиты от сорняков Миура;42;https://klubsadprof.ru/local/templates/klubsadprof/components/bitrix/catalog.element/custom_store_v3/images/no_photo.png;"<div class=""product-description-inner tab-active"" data-tab-content=""product-description-1"">
<div class=""product-description-title"">Описание</div>
<div class=""product-description-text"">
						Миура – современный препарат против злаковых сорняков с избирательным действием, не повреждающий садово-огородные культуры. Гербицид усиленно поглощается листьями сорных растений, что блокирует развитие их роста. Первые признаки воздействия средства проявляются через 7-10 дней: побеги желтеют и прекращают расти. Гибель сорняков наступает через 1-3 недели.					</div>
<section class=""slider-info"">
</section>
</div>";
Каталог|Средства для защиты;Средство для защиты от болезней Фитолавин;Средство для защиты от болезней Фитолавин;25;https://klubsadprof.ru/upload/iblock/5a8/qf431d8akyff7op8xxj76sdtq5zhtwqe/sredstvo_dlya_zashity_ot_bolezney_fitolavin_27_rub.jpg;"<div class=""product-description-inner tab-active"" data-tab-content=""product-description-1"">
<div class=""product-description-title"">Описание</div>
<div class=""product-description-text"">
						Почему гнили лечим Фитолавином:
- только Фитолавин может помочь при большом распространении бактериальных болезней овощных культур в защищенном грунте
- не подавляет, а стимулирует рост и развитие растений 
- особая экологичность, аналог природного антибиотика, выделенного из почвенных бактерий 

Для чего и где применять:
- для борьбы с бактериальными и грибными болезнями овощных и плодовых культур
- огурцы и томаты, как защищенного, так и открытого грунта от корневых и бактериальных гнилей, некрозов, альтернариоза
- яблони от бактериального ожога, монилиоза, парши

Как применять:
- в защищенном грунте – полив под корень рассады в фазе 2-3 настоящих листьев и после высадки рассады в грунт
- в открытом грунте – опрыскивание в период вегетации от 2-х до 4-х раз

Действие и результат:
- антибиотик бактерицидного и фунгицидного действия
- благодаря системному действию легко проникает в растение, перемещается по нему и лечит его изнутри					</div>
<section class=""slider-info"">
</section>
</div>";
Каталог|Средства для защиты;Средство для защиты от вредителей Препарат 30 плюс;Средство для защиты от вредителей Препарат 30 плюс;218;https://klubsadprof.ru/upload/iblock/0cc/ws1tzgi4dcjcwxqtjyodqz6l5k0ta07e/sredstvo_dlya_zashity_ot_vrediteley_preparat_30_plyus_233_rub.png;"<div class=""product-description-inner tab-active"" data-tab-content=""product-description-1"">
<div class=""product-description-title"">Описание</div>
<div class=""product-description-text"">
						Минерально-масляная эмульсия вазелинового масла для борьбы с зимующими стадиями насекомых вредителей.

Применяется против вредителей:

- Щитовки, ложнощитовки, клещи, тли, червецы, а также яйца насекомых-вредителей.

Способ применения и дозировка:

Опрыскивать весной до распускания почек (не ниже 4 С), вторая обработка летом. 250 мл на 5 л воды.

Класс опасности:

3 - Умеренно опасное вещество.					</div>
<section class=""slider-info"">
</section>
</div>";
Каталог|Средства для защиты;Средство для защиты от вредителей Кинмикс;Средство для защиты от вредителей Кинмикс;25;https://klubsadprof.ru/local/templates/klubsadprof/components/bitrix/catalog.element/custom_store_v3/images/no_photo.png;"<div class=""product-description-inner tab-active"" data-tab-content=""product-description-1"">
<div class=""product-description-title"">Описание</div>
<div class=""product-description-text"">
						Средство Кинмикс – это современный инсектицид широкого спектра действия. Кинмикс относится к кишечно-контактным препаратам. Поэтому его действия начинается сразу же, как только средство попало на покровы или в пищеварительный тракт насекомого-вредителя.					</div>
<section class=""slider-info"">
</section>
</div>";
Каталог|Средства для защиты;Средство для защиты от болезней Тиовит Джет;Средство для защиты от болезней Тиовит Джет;50;https://klubsadprof.ru/upload/iblock/118/5j03irzb0g1r8226jyn0k5ril7zivfro/sredstvo_dlya_zashity_ot_bolezney_tiovit_dzhet_54_rub.jpg;"<div class=""product-description-inner tab-active"" data-tab-content=""product-description-1"">
<div class=""product-description-title"">Описание</div>
<div class=""product-description-text"">
						Контактный фунгицид-акарицид для защиты плодовых культур, винограда и роз от мучнистой росы. На винограде эффективен и против клещей. Действующее вещество— высококачественная сера в виде воднодиспергируемых гранул. В отличие от препаратов, содержащих коллоидную серу, ТИОВИТ® ДЖЕТ полностью растворяется, образуя однородную устойчивую суспензию, и отлично удерживается на обработанной поверхности по сравнению с другими серосодержащими фунгицидами. Малотоксичен.					</div>
<section class=""slider-info"">
</section>
</div>";
Каталог|Средства для защиты;Средство для защиты от болезней Фитоспорин;Средство для защиты от болезней Фитоспорин;33;https://klubsadprof.ru/upload/iblock/72a/w89jremvyg366ex6po6kciu16dy0c2op/sredstvo_dlya_zashity_ot_bolezney_fitosporin_36_rub.jpg;"<div class=""product-description-inner tab-active"" data-tab-content=""product-description-1"">
<div class=""product-description-title"">Описание</div>
<div class=""product-description-text"">
						Биофунгицид для защиты растений от грибковых и бактериальных болезней «Фитоспорин-М» универсальный, 10 г - микробиологический препарат, предназначенный для профилактики и лечения растений от грибных, бактериальных и вирусных болезней: гнили, парши, черной ножки, фузариоза, фитофтороза, фомоза, серой гнили, ризоктониоза, альтернариоза, бактериоза, пероноспороза, мучнистой росы, ржавчины, септориоза и др. Оздоравливает почву. Подходит для всех видов растений. Нормы расхода- 10 г на 20 л воды на 200 м2 при опрыскивании, на 5 л воды на 500 растений при погружении корней.

Состав: Биомасса живых клеток и спор бактерии Bacillus subtilis, штамм 26Д ,титр живых спор и клеток не менее - 2 млрд КОЕ/г.					</div>
<section class=""slider-info"">
</section>
</div>";
Каталог|Средства для защиты;Средство для защиты от болезней Купролюкс;Средство для защиты от болезней Купролюкс;42;https://klubsadprof.ru/upload/iblock/856/1u8r0w09ofi9wc1esgk0vdu8bmlu314e/sredstvo_dlya_zashity_ot_bolezney_kuprolyuks_45_rub.jpg;"<div class=""product-description-inner tab-active"" data-tab-content=""product-description-1"">
<div class=""product-description-title"">Описание</div>
<div class=""product-description-text"">
						Купролюкс – комплексный фунгицид на основе двух компонентов, которые лечат и защищают лук, огурцы, томат, картофель и виноград от ряда болезней. Хлорокись меди уничтожает возбудителей на поверхности растений. Цимоксалин иммунизирует и борется с заболеваниями изнутри.					</div>
<section class=""slider-info"">
</section>
</div>";
Каталог|Средства для защиты;Средство для защиты от вредителей Актара;Средство для защиты от вредителей Актара;269;https://klubsadprof.ru/local/templates/klubsadprof/components/bitrix/catalog.element/custom_store_v3/images/no_photo.png;"<div class=""product-description-inner tab-active"" data-tab-content=""product-description-1"">
<div class=""product-description-title"">Описание</div>
<div class=""product-description-text"">
						Актара – сильнейший инсектицид для защиты картофеля, смородины и цветочных культур от вредителей. Воднодиспергируемые гранулы. Проникая внутрь растения сохраняет длительную активность против основных вредителей сельскохозяйственных культур. Позволяет бороться со многими видами вредителей.					</div>
<section class=""slider-info"">
</section>
</div>";
Каталог|Средства для защиты;Средство для защиты от болезней Максим Дачник;Средство для защиты от болезней Максим Дачник;33;https://klubsadprof.ru/upload/iblock/7a4/hd1x9cqv8u0fb1u3frsqbfkeobx6lp3s/sredstvo_dlya_zashity_ot_bolezney_maksim_dachnik_36_rub.jpg;"<div class=""product-description-inner tab-active"" data-tab-content=""product-description-1"">
<div class=""product-description-title"">Описание</div>
<div class=""product-description-text"">
						Фунгицид ""Максим-Дачник"" - протравитель лука, чеснока, гороха,луковиц цветов и картофеля от гнилей.
Применяется для протравливания посадочного материала от почвенной инфекции:
• лука и чеснока от гнилей;
• семенного картофеля от парши и ризоктониоза;
• гороха от фузариоза, гнилей, плесневения семян;
• луковиц, клубней, корневищ цветов от фузариоза и гнилей;
• для лечения цветочных культур и предотвращения заражения рассады почвенными инфекциями.
""Максим-Дачник"" является антибиотиком защитно-контактного действия, применение которого дезинфицирует луковицы, клубни, корневища и саму почву. Фунгицид создает защитный барьер на поверхности посадочного материала и в прикорневой зоне в почве. Защищает растения весь период хранения и роста, а также лечит заболевшие растения.
Для проведения обработки препаратом, приготовить рабочий раствор в соответствии с таблицей на упаковке, затем замачивать посадочный материал в течение 30 минут или опрыскивать:
• перед посадкой;
• перед закладкой на хранение;
• поливать почву под корень больного растения;
• после посева семян и высадки рассады.					</div>
<section class=""slider-info"">
</section>
</div>";
Каталог|Средства для защиты;Средство для защиты от болезней Фитомицин;Средство для защиты от болезней Фитомицин;33;https://klubsadprof.ru/upload/iblock/95e/tboxti6jgkdq6nl2w7cqpqt0ifngcdxz/sredstvo_dlya_zashity_ot_bolezney_fitomicin_36_rub.jpg;"<div class=""product-description-inner tab-active"" data-tab-content=""product-description-1"">
<div class=""product-description-title"">Описание</div>
<div class=""product-description-text"">
						Фитомицин - биологический препарат для борьбы с болезнями овощных и плодовых культур.

Аналог природного антибиотика, выделенного из почвенных бактерий.
Не оказывает отрицательного воздействия на теплокровных и полезную микрофлору почвы.
Действие препарата начинается через 12 часов.
Урожай можно употреблять в пищу уже через 2 часа после обработки.					</div>
<section class=""slider-info"">
</section>
</div>";
Каталог|Средства для защиты;Средство для защиты от вредителей Валлар;Средство для защиты от вредителей Валлар;59;https://klubsadprof.ru/local/templates/klubsadprof/components/bitrix/catalog.element/custom_store_v3/images/no_photo.png;"<div class=""product-description-inner tab-active"" data-tab-content=""product-description-1"">
<div class=""product-description-title"">Описание</div>
<div class=""product-description-text"">
						Гранулированное средство для защиты от вредителей Валлар ориентировано на спасение плодовых, декоративных и хвойных культур от хруща и проволочника. Препарат оберегает молодые растения и ускоряет укоренение сеянцев.					</div>
<section class=""slider-info"">
</section>
</div>";
Каталог|Средства для защиты;Средство для защиты от вредителей Табачная пыль;Средство для защиты от вредителей Табачная пыль;109;https://klubsadprof.ru/local/templates/klubsadprof/components/bitrix/catalog.element/custom_store_v3/images/no_photo.png;"<div class=""product-description-inner tab-active"" data-tab-content=""product-description-1"">
<div class=""product-description-title"">Описание</div>
<div class=""product-description-text"">
						Табачная пыль – средство 100% растительного происхождения против мошки, плодожорки, тли, муравьев, медяницы, крестоцветных блошек и других вредителей. Широко используется огородниками, отказывающихся от «химии». Действует по типу инсектицида, но экологически безопасен, не повреждает растения. Кроме того, махорочная пыль применяется как подкормка для различных культур.					</div>
<section class=""slider-info"">
</section>
</div>";
Каталог|Средства для защиты;Средство для защиты от болезней Бордоская смесь;Средство для защиты от болезней Бордоская смесь;100;https://klubsadprof.ru/upload/iblock/682/trw0dc1nln5prcu6xwgh5k941vzme1hy/sredstvo_dlya_zashity_ot_bolezney_bordoskaya_smesg_108_rub.jpg;"<div class=""product-description-inner tab-active"" data-tab-content=""product-description-1"">
<div class=""product-description-title"">Описание</div>
<div class=""product-description-text"">
						Бордоская смесь – антисептическое средство для борьбы с широким спектром заболеваний, от которых не застрахованы плодово-ягодные и различные сельскохозяйственные культуры, а также садовые цветущие растения. В состав входит сульфат меди и гидроксид кальция. Опрыскивание растений проводится ранней весной до распускания почек 3%-ным раствором бордоской смеси. А для обработки после цветения и появления мелких завязей готовится 1%-ный раствор.

Преимущества:

низкая цена;
высокая эффективность профилактики и лечения болезней;
длительность защитного действия и сохранение его даже после осадков.					</div>
<section class=""slider-info"">
</section>
</div>";
Каталог|Средства для защиты;Средство для защиты от болезней Хорус;Средство для защиты от болезней Хорус;99;https://klubsadprof.ru/upload/iblock/352/km1ycwdmy62i8506gwh56ba1nnq4fb5h/sredstvo_dlya_zashity_ot_bolezney_horus_107_rub.jpg;"<div class=""product-description-inner tab-active"" data-tab-content=""product-description-1"">
<div class=""product-description-title"">Описание</div>
<div class=""product-description-text"">
						Хорус, ВДГ - высокоэффективный фунгицид, сочетающий контактные и системные свойства. Предназначен для защиты семечковых и косточковых культур от монилиоза, горькой глеоспорозной гнили, пенициллеза; винограда — от серой гнили, сухой гнили, аспергиллеза. Обладает профилактическим и лечебными свойствами. Для достижения максимальной эффективности фунгицид рекомендуется применять на ранних стадиях развития болезней.					</div>
<section class=""slider-info"">
</section>
</div>";
Каталог|Средства для защиты;Средство для защиты от вредителей Фитоверм;Средство для защиты от вредителей Фитоверм;33;https://klubsadprof.ru/upload/iblock/b6d/nr9pu1prypqo1704pzenk6hiyqbg1479/sredstvo_dlya_zashity_ot_vrediteley_fitoverm_36_rub.jpg;"<div class=""product-description-inner tab-active"" data-tab-content=""product-description-1"">
<div class=""product-description-title"">Описание</div>
<div class=""product-description-text"">
						Биологический препарат от клещей и листогрызущих вредителей на овощных, плодовых, ягодных культурах и цветах.
Преимущества:
высокая скорость воздействия – насекомые прекращают питание уже через 6-8 часов, а их полная гибель наступает через 3-4 дня;
применяется также для защиты от клещей;
имеет минимальные сроки до сбора урожая.					</div>
<section class=""slider-info"">
</section>
</div>";
Каталог|Средства для защиты;Средство для защиты от сорняков Лорнет;Средство для защиты от сорняков Лорнет;168;https://klubsadprof.ru/local/templates/klubsadprof/components/bitrix/catalog.element/custom_store_v3/images/no_photo.png;"<div class=""product-description-inner tab-active"" data-tab-content=""product-description-1"">
<div class=""product-description-title"">Описание</div>
<div class=""product-description-text"">
						Средство для защиты от сорняков Лорнет – селективный гербицид системного действия для борьбы с двудольными сорными травами на газонах и участках с садовой земляникой. В промышленных масштабах его используют для защиты пшеницы, ячменя, кукурузы, сахарной свеклы, рапса, райграсса и льна.					</div>
<section class=""slider-info"">
</section>
</div>";
Каталог|Средства для защиты;Средство для защиты от сорняков Отличник;Средство для защиты от сорняков Отличник;42;https://klubsadprof.ru/upload/iblock/95a/xq9ftcx5qep7k1mjuynziq1b7354y2j8/Morkov-Forto_-semena-russkiy-ogorod-_3_.png;"<div class=""product-description-inner tab-active"" data-tab-content=""product-description-1"">
<div class=""product-description-title"">Описание</div>
<div class=""product-description-text"">
						Средство для защиты от сорняков Отличник – эффективное решение против паразитирующей растительности на личных участках и на полях. Гербицид работает избирательно, не вредит культурам. Производится в виде концентрата эмульсии. Активный компонент хизалофоп-П-эпила проникает в структуру сорных растений, приводя к их гибели.					</div>
<section class=""slider-info"">
</section>
</div>";
Каталог|Средства для защиты;Средство для защиты от болезней и вредитедей Престиж;Средство для защиты от болезней и вредитедей Престиж;361;https://klubsadprof.ru/local/templates/klubsadprof/components/bitrix/catalog.element/custom_store_v3/images/no_photo.png;"<div class=""product-description-inner tab-active"" data-tab-content=""product-description-1"">
<div class=""product-description-title"">Описание</div>
<div class=""product-description-text"">
						Средство для защиты от болезней Престиж спасет картофель от колорадского жука, проволочника, тли, альтернариоза и парши. Препарат повышает устойчивость растений к жаре, холоду, засухе. Протравитель заметно увеличивает урожайность и повышает выход неповрежденных вредителями клубней.					</div>
<section class=""slider-info"">
</section>
</div>";
Каталог|Средства для защиты;Средство для защиты от болезней и вредителей;Средство для защиты от болезней и вредителей;210;https://klubsadprof.ru/upload/iblock/576/cuqe2zpq2rj4oa301c8b1lsu8efjid1c/sredstvo_dlya_zashity_ot_bolezney_i_vrediteley_225_rub.jpg|https://klubsadprof.ru/upload/iblock/96f/huouk4r2pb31v6nvwanznkvostzcjqv5/sredstvo_dlya_zashity_ot_bolezney_i_vrediteley_359_rub.jpg;"<div class=""product-description-inner tab-active"" data-tab-content=""product-description-1"">
<div class=""product-description-title"">Описание</div>
<div class=""product-description-text"">
						Раек+Алиот – комплексное средство защиты от болезней и вредителей для сада. Подходит для плодовых деревьев, кустарников и винограда. В набор входят 2 эффективных препарата. Первый ограждает растения от парши и мучнистой росы. Второй – уничтожает тлю, плодожорку яблонную, трипсов и др. паразитирующих насекомых.					</div>
<section class=""slider-info"">
</section>
</div>";
Каталог|Средства для защиты;Средство для защиты от вредителей Батрайдер;Средство для защиты от вредителей Батрайдер;259;https://klubsadprof.ru/upload/iblock/d86/xjws1fuufy6opo4jh42exr38g27qt21w/sredstvo_dlya_zashity_ot_vrediteley_batrayder_278_rub.jpg;"<div class=""product-description-inner tab-active"" data-tab-content=""product-description-1"">
<div class=""product-description-title"">Описание</div>
<div class=""product-description-text"">
						Батрайдер - это тройная защита ваших растений, аналогов нет! Инновационный препарат от комплекса вредителей.

Особенности

- Обладает высокой скоростью воздействия и длительной защитой.
- Уничтожит любых вредителей сада и огорода.
- Не имеет аналогов.
- Защитит все основные культуры: плодовые, ягодные, овощные, цветочные, декоративные и виноград.
- Эффективен при любой погоде.

Применяется

На плодовых, ягодных, овощных, цветочно-декоративных культурах и винограде.					</div>
<section class=""slider-info"">
</section>
</div>";
Каталог|Средства для защиты;Средство для устранения сажи и копоти в трубах и дымоходах;Средство для устранения сажи и копоти в трубах и дымоходах;201;https://klubsadprof.ru/local/templates/klubsadprof/components/bitrix/catalog.element/custom_store_v3/images/no_photo.png;"<div class=""product-description-inner tab-active"" data-tab-content=""product-description-1"">
<div class=""product-description-title"">Описание</div>
<div class=""product-description-text"">
						Средство Трубочист профи – это современный препарат для очистки кирпичных и стальных дымоходов от отложений сажи и креозота. Применения средства очень простое – его достаточно высыпать порошок на догорающие угли. После прогорания углей золу удалять не стоит, так как выделение полезных веществ продолжается.					</div>
<section class=""slider-info"">
</section>
</div>";
Каталог|Средства для защиты;Средство для защиты Аэрозоль блеск для листьев;Средство для защиты Аэрозоль блеск для листьев;436;https://klubsadprof.ru/upload/iblock/5ea/iqoiwxojnrwz0z74s7jvpl059jo5ifjd/sredstvo_dlya_zashity_aerozolg_blesk_dlya_listgev_467_rub.jpg;"<div class=""product-description-inner tab-active"" data-tab-content=""product-description-1"">
<div class=""product-description-title"">Описание</div>
<div class=""product-description-text"">
						Средство для защиты Аэрозоль блеск для листьев — многофункциональный препарат, который не только придает растениям красивый и ухоженный вид, но и защищает их от вредителей. В состав входят безопасные натуральные компоненты, поэтому спрей можно использовать в закрытых помещениях.					</div>
<section class=""slider-info"">
</section>
</div>";
Каталог|Средства для защиты;Средство для защиты от болезней Агролекарь;Средство для защиты от болезней Агролекарь;25;https://klubsadprof.ru/local/templates/klubsadprof/components/bitrix/catalog.element/custom_store_v3/images/no_photo.png;"<div class=""product-description-inner tab-active"" data-tab-content=""product-description-1"">
<div class=""product-description-title"">Описание</div>
<div class=""product-description-text"">
						Агролекарь – эффективное средства для защиты от ряда опасных болезней сада и огорода. Препарат помогает избавить растения от серой гнили – опасного заболевания, вызываемого патогенными грибами. Чудодейственный препарат поможет справиться с мучнистой росой на винограде и других сельскохозяйственных культурах.					</div>
<section class=""slider-info"">
</section>
</div>";
Каталог|Средства для защиты;Средство для защиты от болезней Глиокладин;Средство для защиты от болезней Глиокладин;159;https://klubsadprof.ru/upload/iblock/632/c1ndoaq9bvn937oq84n52i1c9wqxqmc6/sredstvo_dlya_zashity_ot_bolezney_gliokladin_170_rub.jpg;"<div class=""product-description-inner tab-active"" data-tab-content=""product-description-1"">
<div class=""product-description-title"">Описание</div>
<div class=""product-description-text"">
						Средство от болезней Глиокладин – это уникальный препарат, защищающий растения от прикорневой гнили. Средство применяют на стадии пикировки или пересадки рассады томатов, огурцов, цветочных культур, а также в тепличных комплексах. Выпускают Глиокладин в виде порошка, таблеток и суспензии.					</div>
<section class=""slider-info"">
</section>
</div>";
Каталог|Средства для защиты;Средство для защиты от болезней Железный купорос;Средство для защиты от болезней Железный купорос;59;https://klubsadprof.ru/upload/iblock/2dc/u1zq6t9qysa5cnp39nu4y69jsw3fzwsu/sredstvo_dlya_zashity_ot_bolezney_zheleznyy_kuporos_63_rub.jpg;"<div class=""product-description-inner tab-active"" data-tab-content=""product-description-1"">
<div class=""product-description-title"">Описание</div>
<div class=""product-description-text"">
						Средство защиты растений Железный купорос - железо сернокислое, водорастворимый порошок. Антисептическое, фунгицидное средство для борьбы с болезнями ягодных, плодовых (косточковых и семечковых), декоративных культур, кустарников. Также применяется для борьбы с плесенью, для уничтожения мхов и лишайников. Используется в строительстве как консервант древесины, как средство для предотвращения гниения древесины.					</div>
<section class=""slider-info"">
</section>
</div>";
Каталог|Средства для защиты;Средство для защиты от болезней Медный купорос;Средство для защиты от болезней Медный купорос;99;https://klubsadprof.ru/upload/iblock/bb6/hm3tqs2bmkwbb8p2x600xc630l3pj45n/sredstvo_dlya_zashity_ot_bolezney_mednyy_kuporos_107_rub.png;"<div class=""product-description-inner tab-active"" data-tab-content=""product-description-1"">
<div class=""product-description-title"">Описание</div>
<div class=""product-description-text"">
						Фунгицидное и антисептическое средство медный купорос широко используют в строительстве для обработки древесины и в садоводстве для обработки деревьев и кустарников от монилиоза, парши, плесени и гнилей. Порошок растворяют в воде, соблюдая необходимые пропорции, и проводят опрыскивание до распускания почек, в фазу бутонизации и после цветения. Средство можно использовать в профилактических целях, для проведения дезинфекции ран на коре плодовых деревьев, а также в качестве микроудобрения для почв с дефицитом меди.

Преимущества:

универсальность;
широкая сфера применения;
удобная фасовка в 100 г по доступной цене.					</div>
<section class=""slider-info"">
</section>
</div>";
Каталог|Средства для защиты;Средство для защиты от болезней Побелка садовая;Средство для защиты от болезней Побелка садовая;67;https://klubsadprof.ru/upload/iblock/f0c/ci9fce5ah91zb52bxvle3eiz6s5s98m4/b74ad37ae4dd37f2ee4c0b8371cd3b00.jpg;"<div class=""product-description-inner tab-active"" data-tab-content=""product-description-1"">
<div class=""product-description-title"">Описание</div>
<div class=""product-description-text"">
						Средство для защиты от болезней Побелка садовая – защитит стволы деревьев, кустарников зимой и весной от солнечных ожогов и морозобоин. Также способствует профилактике некоторых болезней, вызванных грибком и бактериями, предотвращает поражение вредителями. Процедура окрашивания проводится глубокой осенью, когда листва уже сброшена, и весной, до набухания почек.					</div>
<section class=""slider-info"">
</section>
</div>";
Каталог|Средства для защиты;Средство для защиты от болезней Ракурс;Средство для защиты от болезней Ракурс;108;https://klubsadprof.ru/local/templates/klubsadprof/components/bitrix/catalog.element/custom_store_v3/images/no_photo.png;"<div class=""product-description-inner tab-active"" data-tab-content=""product-description-1"">
<div class=""product-description-title"">Описание</div>
<div class=""product-description-text"">
						Средство для защиты от болезней Ракурс — фунгицид, разработанный специально в целях борьбы с заболеваниями хвойных растений, но эффективный также и для лиственных кустарников и многолетних цветов. Применяется для лечения грибковых заболеваний, ржавчины, шютте и т. д.					</div>
<section class=""slider-info"">
</section>
</div>";
Каталог|Средства для защиты;Средство для защиты от болезней Скор;Средство для защиты от болезней Скор;99;https://klubsadprof.ru/upload/iblock/b8a/hudi7mggypll2sey7hj61kqqzu7r53yz/sredstvo_dlya_zashity_ot_bolezney_skor_107_rub.jpg;"<div class=""product-description-inner tab-active"" data-tab-content=""product-description-1"">
<div class=""product-description-title"">Описание</div>
<div class=""product-description-text"">
						Скор - системный препарат для защиты садовых культур от мучнистой росы, черной пятнистости, альтернариоза, курчавости листьев и других болезней.

Преимущества

- Средство можно использовать на любой стадии развития растений.
- Универсальный фунгицид подходит для всех садовых растений, защищает от самых распространенных болезней.
- Средство имеет долгий период действия: до 2 недель.
- Препарат не фитотоксичен.

Область применения
Средство используют для опрыскивания плодовых и декоративный деревьев, кустарников, цветов, овощей.

Ваше хозяйство - российский производитель удобрений и средств защиты растений для домашних подсобных хозяйств, один из лидеров рынка.					</div>
<section class=""slider-info"">
</section>
</div>";
Каталог|Средства для защиты;Средство для защиты от болезней Чистоцвет;Средство для защиты от болезней Чистоцвет;67;https://klubsadprof.ru/local/templates/klubsadprof/components/bitrix/catalog.element/custom_store_v3/images/no_photo.png;"<div class=""product-description-inner tab-active"" data-tab-content=""product-description-1"">
<div class=""product-description-title"">Описание</div>
<div class=""product-description-text"">
						Фунгицид системного действия «Чистоцвет» объемом 2 мл призван защитить горшечные комнатные, а также тепличные, оранжерейные и газонные сорта растений от заболеваний. Препарат позволяет справиться с такими частыми болезнями растений, как серая гниль, мучнистая роса и пятнистость. Действие фунгицида начинается спустя два часа после обработки растения. Препарат не смывается дождем. Действие «Чистоцвета» продолжается в течение двух недель. Преимущества:

низкая цена в сочетании с эффективностью фунгицида;
универсальность применения препарата;
безопасен как для цветочных культур, так и для декоративных кустарников.					</div>
<section class=""slider-info"">
</section>
</div>";
Каталог|Средства для защиты;Средство для защиты от вредителей Герольд;Средство для защиты от вредителей Герольд;25;https://klubsadprof.ru/local/templates/klubsadprof/components/bitrix/catalog.element/custom_store_v3/images/no_photo.png;"<div class=""product-description-inner tab-active"" data-tab-content=""product-description-1"">
<div class=""product-description-title"">Описание</div>
<div class=""product-description-text"">
						Уникальный препарат от яблонной плодожорки, боярышницы и других вредителей.
Нарушает развитие яиц и личинок насекомых.Имеет длительное последействие.
Активен в отношении гусениц листовёрток, пядениц, бражника, различных совок, молей и др.Применяется на плодовых, овощных, декоративных и цветочных культурах.					</div>
<section class=""slider-info"">
</section>
</div>";
Каталог|Средства для защиты;Средство для защиты от вредителей Доктор;Средство для защиты от вредителей Доктор;50;https://klubsadprof.ru/local/templates/klubsadprof/components/bitrix/catalog.element/custom_store_v3/images/no_photo.png;"<div class=""product-description-inner tab-active"" data-tab-content=""product-description-1"">
<div class=""product-description-title"">Описание</div>
<div class=""product-description-text"">
						«Доктор» (специально для защиты комнатных растений от тли). Этот препарат системного действия эффективен для борьбы не только с тлей, но и с другими с вредителями комнатных и балконных растений (червец, белокрылка, щитовка, трипсы).					</div>
<section class=""slider-info"">
</section>
</div>";
Каталог|Средства для защиты;Средство для защиты от вредителей Каратель;Средство для защиты от вредителей Каратель;50;https://klubsadprof.ru/upload/iblock/f58/ryk1cdypv4dh1tgrxn1d5jviq4bvqluc/sredstvo_dlya_zashity_ot_vrediteley_karatelg_54_rub.jpg;"<div class=""product-description-inner tab-active"" data-tab-content=""product-description-1"">
<div class=""product-description-title"">Описание</div>
<div class=""product-description-text"">
						Средство Каратель – это препарат нового поколения. Он совершенно нетоксичен для человека и животных, у насекомых вызывает мгновенную гибель. При его применении погибают колорадские жуки, личинки и яйца насекомых.					</div>
<section class=""slider-info"">
</section>
</div>";
Каталог|Средства для защиты;Средство для защиты от вредителей Мухоед Супер;Средство для защиты от вредителей Мухоед Супер;42;https://klubsadprof.ru/upload/iblock/0a6/loecnhksdhh5hy2y7ais3n2uy04difl4/sredstvo_dlya_zashity_ot_vrediteley_muhoed_super_45_rub.jpg;"<div class=""product-description-inner tab-active"" data-tab-content=""product-description-1"">
<div class=""product-description-title"">Описание</div>
<div class=""product-description-text"">
						Мухоед Супер – это уникальное средство для борьбы со всеми видами мух. Средство состоит из специальной пищевой приманки, на которую слетаются мухи, и отравляющего компонента. Поедая приманку с отравой, мухи умирают практически в течение нескольких минут. Резистентности к препарату у насекомых не выявлено.					</div>
<section class=""slider-info"">
</section>
</div>";
Каталог|Средства для защиты;Средство для защиты от болезней Садовый вар;Средство для защиты от болезней Садовый вар;84;https://klubsadprof.ru/upload/iblock/280/5dqqg7kmldgvh8gq336b12fqpb19zsv0/Morkov-Forto_-semena-russkiy-ogorod-_4_.png;"<div class=""product-description-inner tab-active"" data-tab-content=""product-description-1"">
<div class=""product-description-title"">Описание</div>
<div class=""product-description-text"">
						Средство Садовый вар – это влагонепроницаемая пластичная масса, которая успешно используется садоводами много десятилетий. Вар прекрасно заделывает все повреждения на деревьях, создает надежный барьер для возбудителей заболеваний.					</div>
<section class=""slider-info"">
</section>
</div>";
Каталог|Средства для защиты;Средство для защиты от болезней Топаз;Средство для защиты от болезней Топаз;67;https://klubsadprof.ru/upload/iblock/79b/yzfbwmabg69qn0q92faodlzrm6g2i0e3/sredstvo_dlya_zashity_ot_bolezney_topaz_72_rub.jpg;"<div class=""product-description-inner tab-active"" data-tab-content=""product-description-1"">
<div class=""product-description-title"">Описание</div>
<div class=""product-description-text"">
						Топаз, КЭ - системный фунгицид с профилактическим и лечебным действием, обладает высокой эффективностью против возбудителей мучнистой росы и некоторых других болезней яблони, огурцов, виноградной лозы, черной смородины, земляники, малины, вишни, персика, декоративных и лекарственных культур.

Совместимость с другими пестицидами (агрохимикатами): совместим с другими фунгицидами и инсектицидами нейтральной реакции. Однако в каждом конкретном случае смешиваемые препараты следует проверять на совместимость.					</div>
<section class=""slider-info"">
</section>
</div>";
Каталог|Средства для защиты;Средство защиты от сорняков Деймос;Средство защиты от сорняков Деймос;337;https://klubsadprof.ru/local/templates/klubsadprof/components/bitrix/catalog.element/custom_store_v3/images/no_photo.png;"<div class=""product-description-inner tab-active"" data-tab-content=""product-description-1"">
<div class=""product-description-title"">Описание</div>
<div class=""product-description-text"">
						Средство защиты от сорняков на газоне Деймос — сохранит красоту вашей придомовой лужайки и быстро уничтожит сорняки, которые сложно побороть другими гербицидами. Водорастворимый химикат, содержащий диметиламинную соль в концентрации 480 г/л, отличается высокой скоростью проникновения.					</div>
<section class=""slider-info"">
</section>
</div>";
Каталог|Средства для защиты;Средство для защиты от болезней Абига-Пик;Средство для защиты от болезней Абига-Пик;168;https://klubsadprof.ru/local/templates/klubsadprof/components/bitrix/catalog.element/custom_store_v3/images/no_photo.png;"<div class=""product-description-inner tab-active"" data-tab-content=""product-description-1"">
<div class=""product-description-title"">Описание</div>
<div class=""product-description-text"">
						Средство для защиты от болезней Абига-Пик – действенный препарат для предотвращения и лечения грибковых и бактериальных заболеваний на различных садовых растениях. Можно использовать препарат не только в саду, но и в лесной зоне для обработки диких растений. В состав препарата входит хлорокись меди, раствор используется для обработки растений ранней весной.					</div>
<section class=""slider-info"">
</section>
</div>";
Каталог|Средства для защиты;Средство для защиты от болезней Ордан СП;Средство для защиты от болезней Ордан СП;67;https://klubsadprof.ru/upload/iblock/2c6/ntibkrxra8bpjx34ybx1pgakevjchh12/sredstvo_dlya_zashity_ot_bolezney_ordan_sp_72_rub.jpg;"<div class=""product-description-inner tab-active"" data-tab-content=""product-description-1"">
<div class=""product-description-title"">Описание</div>
<div class=""product-description-text"">
						Средство для защиты от болезней Ордан СП – эффективный препарат, направленный на борьбу с милдью, фитофлорой, пероноспорозом. В составе два активных компонента с внешним и внутренним действием. Не только уничтожает патогены, но и регенерирует поврежденные клетки растений.					</div>
<section class=""slider-info"">
</section>
</div>";
Каталог|Средства для защиты;Средство для защиты от вредителей Имидор от тли и белокрылки на огурцах и томатах;Средство для защиты от вредителей Имидор от тли и белокрылки на огурцах и томатах;116;https://klubsadprof.ru/upload/iblock/ae9/0wkzwc12y2sdlg47m83efxi9rb5vsxes/sredstvo_dlya_zashity_ot_vrediteley_imidor_otkoloradskogo_zhuka_na_kartofele_125_rub.jpg;"<div class=""product-description-inner tab-active"" data-tab-content=""product-description-1"">
<div class=""product-description-title"">Описание</div>
<div class=""product-description-text"">
						Средство Имидор – это препарат, способный быстро уничтожить даже большие колонии вредителей. Актуальность использования обеспечена возможностью провести обработку при любых погодных условиях, кроме дождя и полным отсутствием фитотоксичности всех компонентов.					</div>
<section class=""slider-info"">
</section>
</div>";
Каталог|Средства для защиты;Средство для защиты от вредителей Почин;Средство для защиты от вредителей Почин;25;https://klubsadprof.ru/upload/iblock/051/a8965c39j1k7aw9jso8mjog10g91t5fs/sredstvo_dlya_zashity_ot_vrediteley_pochin_27_rub.jpg;"<div class=""product-description-inner tab-active"" data-tab-content=""product-description-1"">
<div class=""product-description-title"">Описание</div>
<div class=""product-description-text"">
						Контактное средство для защиты отвредителей Почин спасет луковицы, картофель икорнеплоды отпроволочника, личинок мух, блошек идругих вредных насекомых, обитающих впочве. Препарат начнет работать непозже, чем через 24 часа после внесения иобеспечит защиту напротяжении нескольких месяцев. Действующее вещество диазинон невымывается дождем, нестановится слабее вжаркую погоду. ПОЧЕМУ КОРНЕПЛОДЫ НУЖДАЮТСЯ ВПРЕПАРАТЕ ПОЧИН Готов киспользованию, нетребует предварительной подготовки, экономичен. Универсален защищает любые растения откомплекса вредителей. Благодаря гранулированной форме выпуска легко перемешивается сземлей. ДОЗИРОВКА ИОСОБЕННОСТИ ИСПОЛЬЗОВАНИЯ Норма внесения 30г на 1015 кв. м. Вносят при посадке споследующей заделкой вгрунт непозднее чем за 40 дней доуборки урожая.					</div>
<section class=""slider-info"">
</section>
</div>";
Каталог|Средства для защиты;Средство для защиты от сорняков Бриг;Средство для защиты от сорняков Бриг;116;https://klubsadprof.ru/local/templates/klubsadprof/components/bitrix/catalog.element/custom_store_v3/images/no_photo.png;"<div class=""product-description-inner tab-active"" data-tab-content=""product-description-1"">
<div class=""product-description-title"">Описание</div>
<div class=""product-description-text"">
						Средство для защиты от сорняков Бриг – гербицид селективного действия, предназначенный для уничтожения злаковых и однолетних двудольных сорняков на грядках с картофелем, морковью и фасолью.					</div>
<section class=""slider-info"">
</section>
</div>";
Каталог|Средства для защиты;Средство защиты от сорняков Лазурит;Средство защиты от сорняков Лазурит;269;https://klubsadprof.ru/local/templates/klubsadprof/components/bitrix/catalog.element/custom_store_v3/images/no_photo.png;"<div class=""product-description-inner tab-active"" data-tab-content=""product-description-1"">
<div class=""product-description-title"">Описание</div>
<div class=""product-description-text"">
						Средство защиты от сорняков Лазурит спасет картофель, томаты и кукурузу от однолетних двудольных и злаковых сорняков. Губит сорные травы как в довсходовом состоянии, так и после появления побегов.					</div>
<section class=""slider-info"">
</section>
</div>";
Каталог|Средства для защиты;Средство для защиты от болезней Краска для деревьев;Средство для защиты от болезней Краска для деревьев;277;https://klubsadprof.ru/local/templates/klubsadprof/components/bitrix/catalog.element/custom_store_v3/images/no_photo.png;"<div class=""product-description-inner tab-active"" data-tab-content=""product-description-1"">
<div class=""product-description-title"">Описание</div>
<div class=""product-description-text"">
						Средство для защиты от болезней (краска для деревьев) – водно-дисперсионная (акриловая) смесь, образующая на поверхности специальную пленку. Нетоксичная, быстросохнущая, стойкая к атмосферным осадкам. Не нарушает воздухопроницаемость коры.					</div>
<section class=""slider-info"">
</section>
</div>";
Каталог|Средства для защиты;Средство для защиты от болезней лука Ревус КС;Средство для защиты от болезней лука Ревус КС;33;https://klubsadprof.ru/local/templates/klubsadprof/components/bitrix/catalog.element/custom_store_v3/images/no_photo.png;"<div class=""product-description-inner tab-active"" data-tab-content=""product-description-1"">
<div class=""product-description-title"">Описание</div>
<div class=""product-description-text"">
						Средство для защиты от болезней лука Ревус — защитный пестицид, предназначенный для борьбы с такими заболеваниями лука, как фитофтороз и ложная мучнистая роса. Помимо основного действия, препарат улучшает показатели урожайности и способствует увеличению сроков хранения лука.					</div>
<section class=""slider-info"">
</section>
</div>";
Каталог|Средства для защиты;Средство для защиты от болезней Алирин-Б;Средство для защиты от болезней Алирин-Б;116;https://klubsadprof.ru/upload/iblock/034/m9ck9uwpmajjrk1ayi6fzfikmf42lvz0/sredstvo_dlya_zashity_ot_bolezney_alirin_b_125_rub.jpg|https://klubsadprof.ru/upload/iblock/9e8/2477q815rh85yal6jwf3x87xyvvsb92u/sredstvo_dlya_zashity_ot_bolezney_alirin_b_134_rub.jpg;"<div class=""product-description-inner tab-active"" data-tab-content=""product-description-1"">
<div class=""product-description-title"">Описание</div>
<div class=""product-description-text"">
						Алирин Б – эффективный препарат, позволяющий бороться с грибковыми заболеваниями растений. С помощью средства можно избавиться от серой и прикорневой гнили, фитофтороза, черной ножки, мучнистой росы и прочих грибковых поражений (полный список показаний можно посмотреть в инструкции по применению), Из преимуществ Алирина Б можно выделить: экологичность и безопасность (средство не наносит вреда окружающей среде, при строгом соблюдении рекомендаций производителя, безопасно для человека и домашних животных), удобство применения, совместимость с различными видами удобрений и другими лечебными средствами, высокая эффективность. Алирин Б не только лечит растения, но также способствуют улучшению качества урожая. После обработки повышается иммунитет садовых и огородных культур, плоды получаются сочные, крупные, насыщенные витаминами. Перед использованием препарат растворяют в воде. Полученным раствором растения опрыскивают или поливают под корень.					</div>
<section class=""slider-info"">
</section>
</div>";
Каталог|Средства для защиты;Средство для защиты от болезней Вар садовый;Средство для защиты от болезней Вар садовый;108;https://klubsadprof.ru/upload/iblock/a55/fxmh6rdpelax1qzws7ukl725fp2xdqr8/sredstvo_dlya_zashity_ot_bolezney_var_sadovyy_116_rub.jpg;"<div class=""product-description-inner tab-active"" data-tab-content=""product-description-1"">
<div class=""product-description-title"">Описание</div>
<div class=""product-description-text"">
						Средство для защиты Вар садовый позволит оказать профессиональную скорую помощь растению после проведения обрезки или прививки, получения солнечного ожога или объедания грызунами. Содержит сосновую смолу, смягчители, биологически активные вещества, способствующие быстрой регенерации тканей.					</div>
<section class=""slider-info"">
</section>
</div>";
Каталог|Средства для защиты;Средство для защиты от болезней Гамаир;Средство для защиты от болезней Гамаир;116;https://klubsadprof.ru/upload/iblock/218/r019uiur640396w30fddam5e6io9hjbi/sredstvo_dlya_zashity_ot_bolezney_gamair_125_rub.jpg|https://klubsadprof.ru/upload/iblock/d57/ek18g2l8lt28pcjftpe85qiakgh0chu7/sredstvo_dlya_zashity_ot_bolezney_gamair_135_rub.jpg;"<div class=""product-description-inner tab-active"" data-tab-content=""product-description-1"">
<div class=""product-description-title"">Описание</div>
<div class=""product-description-text"">
						Профилактика и лечение бактериальных и грибных заболеваний на овощных, цветочных и плодово-ягодных культур. Действие: Биологический препарат, обладающий профилактическим и лечебным действием. Мягко и эффективно подавляет грибные и бактериальные заболевания. Применяется в течение всего периода вегетации. Преимущества: Гарантирует получение экологически чистой продукции. Восстанавливает полезную микрофлору почвыНе вызывает привыкания у возбудителей заболеваний					</div>
<section class=""slider-info"">
</section>
</div>";
Каталог|Средства для защиты;Средство для защиты от болезней Марганцовка;Средство для защиты от болезней Марганцовка;108;https://klubsadprof.ru/upload/iblock/602/77b30553h0juzksuk3lwpbftvvi0vv8q/sredstvo_dlya_zashity_ot_bolezney_margancovka_116_rub.jpg;"<div class=""product-description-inner tab-active"" data-tab-content=""product-description-1"">
<div class=""product-description-title"">Описание</div>
<div class=""product-description-text"">
						Средство для защиты от болезней Марганцовка — универсальный препарат, предназначенный для лечения и профилактики многих вирусных, грибковых и бактериальных болезней растений, таких как мучнистая роса, фитофтороз, корневая гниль и многих других. Действие средства очень широко: оно обеззараживает семенной материал, повышает иммунитет растений к холоду, жаре и засухе, ускоряет созревание семян, способствует росту растений.					</div>
<section class=""slider-info"">
</section>
</div>";
Каталог|Средства для защиты;Средство для защиты от болезней Медея;Средство для защиты от болезней Медея;108;https://klubsadprof.ru/upload/iblock/9dd/t8ajjbgmr5ywweeldcexmx0d75wmkxek/sredstvo_dlya_zashity_ot_bolezney_medeya_116_rub.jpg;"<div class=""product-description-inner tab-active"" data-tab-content=""product-description-1"">
<div class=""product-description-title"">Описание</div>
<div class=""product-description-text"">
						Медея – двукомпонентный фунгицид, обеспечивающий комплексную профилактику и лечение плодово-ягодных культур от самых популярных болезней. Препарат эффективен против милдью, антракноза, монилиоза, ржавчины, мучнистой росы, серой/ белой гнили и др. Средство проникает внутрь растений в течение часа, и сразу же начинает работать.					</div>
<section class=""slider-info"">
</section>
</div>";
Каталог|Средства для защиты;Средство для защиты от болезней Микроудобрение Хвойная игла;Средство для защиты от болезней Микроудобрение Хвойная игла;33;https://klubsadprof.ru/local/templates/klubsadprof/components/bitrix/catalog.element/custom_store_v3/images/no_photo.png;"<div class=""product-description-inner tab-active"" data-tab-content=""product-description-1"">
<div class=""product-description-title"">Описание</div>
<div class=""product-description-text"">
						Хвойная игла – микроудобрение для сосны, ели, туи, можжевельника и др. Борется с пожелтением, предотвращает заболевания, вызванные дефицитом микроэлементов. Своевременные подкормки активизируют фотосинтез, что приводит к насыщенному зеленому цвету иголок, здоровому внешнему виду.					</div>
<section class=""slider-info"">
</section>
</div>";
Каталог|Средства для защиты;Средство для защиты от болезней Профит Голд;Средство для защиты от болезней Профит Голд;33;https://klubsadprof.ru/local/templates/klubsadprof/components/bitrix/catalog.element/custom_store_v3/images/no_photo.png;"<div class=""product-description-inner tab-active"" data-tab-content=""product-description-1"">
<div class=""product-description-title"">Описание</div>
<div class=""product-description-text"">
						Средство Профит Голд – это препарат, способный значительно снизить потери урожая картофеля и томатов от фитофтороза и альтернариоза. Для репчатого лука он станет отличным лекарством против пероноспороза, для винограда от милдью. Гранулы растворяют водой в соответствии с инструкцией. Вскрытая упаковка и раствор хранятся не более суток.					</div>
<section class=""slider-info"">
</section>
</div>";
Каталог|Средства для защиты;Средство для защиты от болезней Раёк;Средство для защиты от болезней Раёк;66;https://klubsadprof.ru/local/templates/klubsadprof/components/bitrix/catalog.element/custom_store_v3/images/no_photo.png;"<div class=""product-description-inner tab-active"" data-tab-content=""product-description-1"">
<div class=""product-description-title"">Описание</div>
<div class=""product-description-text"">
						Средство для защиты от болезней Раек — эффективный препарат для защиты огородных и плодовых культур от целого ряда заболеваний (мучнистая роса, парша и др.). Может применяться в качестве не только лекарственного, но и профилактического средства для таких культур, как свекла, картофель, яблони и др.					</div>
<section class=""slider-info"">
</section>
</div>";
Каталог|Средства для защиты;Средство для защиты от бытовых вредителей;Средство для защиты от бытовых вредителей;59;https://klubsadprof.ru/upload/iblock/b77/5i7q92dakht3gjd0na0r65zvwptpsh9b/sredstvo_dlya_zashity_ot_bytovyh_vrediteley.jpg;"<div class=""product-description-inner tab-active"" data-tab-content=""product-description-1"">
<div class=""product-description-title"">Описание</div>
<div class=""product-description-text"">
						Средство – это приманка-ловушка для тараканов и муравьев. Контейнер выполнен в темном цвете, напоминает типичное для насекомых укрытие, благодаря чему насекомые быстро осваивают его. Внутри нанесен гель с возбудителем заболевания, которое уничтожает всю колонию.					</div>
<section class=""slider-info"">
</section>
</div>";
Каталог|Средства для защиты;Средство для защиты от вредителей Алиот;Средство для защиты от вредителей Алиот;42;https://klubsadprof.ru/local/templates/klubsadprof/components/bitrix/catalog.element/custom_store_v3/images/no_photo.png;"<div class=""product-description-inner tab-active"" data-tab-content=""product-description-1"">
<div class=""product-description-title"">Описание</div>
<div class=""product-description-text"">
						Средство для защиты от вредителей Алиот — концентрированный инсектоакарицид, применяемый для избавления садовых и огородных культур от слизней и насекомых-вредителей. Препарат оказывает на вредителей тройное  воздействие (контактное, кишечное и фумигационное), благодаря чему гибель насекомых происходит в среднем уже через один-два часа после обработки.					</div>
<section class=""slider-info"">
</section>
</div>";
Каталог|Средства для защиты;Средство для защиты от вредителей Биотлин;Средство для защиты от вредителей Биотлин;33;https://klubsadprof.ru/upload/iblock/85a/k63745wfysj7uhd18j70n1dl6qexs6e5/sredstvo_dlya_zashity_ot_vrediteley_biotlin_36_rub.jpg;"<div class=""product-description-inner tab-active"" data-tab-content=""product-description-1"">
<div class=""product-description-title"">Описание</div>
<div class=""product-description-text"">
						Полностью готовый к применению инсектицид  для уничтожения  тли, трипсов, белокрылки на овощных и ягодных культурах.

Биотлин БАУ 700 мл - Полностью готовый к применению инсектицид для защиты овощных и ягодных культур.

Преимущества:
- Удобен в использовании: при обработке растений просто поверните колпачок-распылитель.
- Оказывает воздействие на вредителей уже через несколько часов после обработки.
- Препятствует развитию новых поколений вредителей.
- Обладает высокой системной активностью.					</div>
<section class=""slider-info"">
</section>
</div>";
Каталог|Средства для защиты;Средство для защиты от вредителей Гроза-3;Средство для защиты от вредителей Гроза-3;25;https://klubsadprof.ru/upload/iblock/f01/yt27ff5vqam3wmmxq1qn5zr2fjkx8js3/sredstvo_dlya_zashity_ot_vrediteley_groza_3_27_rub.jpg;"<div class=""product-description-inner tab-active"" data-tab-content=""product-description-1"">
<div class=""product-description-title"">Описание</div>
<div class=""product-description-text"">
						Средство гроза мета оказывает контактно-кишечное действие на голых слизней и улиток, поражающих ягодные, плодовые, овощные, цветочные культуры и виноград. Препарат надо рассыпать по площади в расчете 15 г на 5 квадратных метров с выполнением 1-2 обработок в течение сезона. Нужно отметить, что препарат гроза не оказывает токсичного воздействия на дождевых червей, птиц, животных и насекомых. Купить средство гроза можно в нашем магазине по доступной стоимости в минимальные сроки и высшего качества. Мы ценим своих клиентов и постоянно совершенствуем свой сервис, делая его более быстрым и комфортным.					</div>
<section class=""slider-info"">
</section>
</div>";
Каталог|Средства для защиты;Средство для защиты от вредителей Зеленое мыло;Средство для защиты от вредителей Зеленое мыло;67;https://klubsadprof.ru/local/templates/klubsadprof/components/bitrix/catalog.element/custom_store_v3/images/no_photo.png;"<div class=""product-description-inner tab-active"" data-tab-content=""product-description-1"">
<div class=""product-description-title"">Описание</div>
<div class=""product-description-text"">
						Средство Зеленое мыло – это природный инсектицид, который пожжет быть использован в органическом земледелии при производстве эко-продуктов. Помимо борьбы с такими насекомыми, как тля, паутинный клещ, трипсов, препарат активен против мучнистой росы, фитофтороза, гнили и различных видов ржавчины в начальной стадии.					</div>
<section class=""slider-info"">
</section>
</div>";
Каталог|Средства для защиты;Средство для защиты от вредителей Зубр;Средство для защиты от вредителей Зубр;25;https://klubsadprof.ru/local/templates/klubsadprof/components/bitrix/catalog.element/custom_store_v3/images/no_photo.png;"<div class=""product-description-inner tab-active"" data-tab-content=""product-description-1"">
<div class=""product-description-title"">Описание</div>
<div class=""product-description-text"">
						Средство Зубр – это препарат, способный уничтожить колорадского жука на картофеле, баклажанах и томатах, белокрылку в теплицах, на комнатных цветах и в саду, трипсы на всех видах растений и тлю на цветах, капусте и других культурах.					</div>
<section class=""slider-info"">
</section>
</div>";
Каталог|Средства для защиты;Средство для защиты от вредителей Имидор от тли и белокрылки на цветочных растениях и белокрылки на цветчных растениях;Средство для защиты от вредителей Имидор от тли и белокрылки на цветочных растениях и белокрылки на цветчных растениях;116;https://klubsadprof.ru/upload/iblock/c1c/i6um3g6w3xxigknnaqbfwl2t1y9fwi0e/sredstvo_dlya_zashity_ot_vrediteley_imidor_ot_tli_i_belokrylki_na_cvetochnyh_rasteniyah_i_belokrylki_na_cvetchnyh_rasteniyah_125_rub.jpg;"<div class=""product-description-inner tab-active"" data-tab-content=""product-description-1"">
<div class=""product-description-title"">Описание</div>
<div class=""product-description-text"">
						Средство для защиты от вредителей Имидор – это препарат, способный защитить цветочные культуры от насекомых от 14 дней до одного месяца. Препарат контактного действия, вызывает паралич нервной системы насекомых. Гибель наступает в течение суток.					</div>
<section class=""slider-info"">
</section>
</div>";
Каталог|Средства для защиты;Средство для защиты от вредителей Имидор отколорадского жука на картофеле;Средство для защиты от вредителей Имидор отколорадского жука на картофеле;116;https://klubsadprof.ru/local/templates/klubsadprof/components/bitrix/catalog.element/custom_store_v3/images/no_photo.png;"<div class=""product-description-inner tab-active"" data-tab-content=""product-description-1"">
<div class=""product-description-title"">Описание</div>
<div class=""product-description-text"">
						Средство Имидор – это препарат от колорадского жука на картофеле. Активное вещество способно уничтожить множество вредителей на таких культурах, как все виды свеклы, томаты, зерновые культуры. Применение на пастбищах и сенокосах возможно только с соблюдением инструкции.					</div>
<section class=""slider-info"">
</section>
</div>";
Каталог|Средства для защиты;Средство для защиты от вредителей Капкан ловчий пояс;Средство для защиты от вредителей Капкан ловчий пояс;159;https://klubsadprof.ru/upload/iblock/4a7/9dlxbf7otae7izqmeyy4p69pvr7gfm51/sredstvo_dlya_zashity_ot_vrediteley_kapkan_lovchiy_poyas_170_rub.png;"<div class=""product-description-inner tab-active"" data-tab-content=""product-description-1"">
<div class=""product-description-title"">Описание</div>
<div class=""product-description-text"">
						Ловчий пояс предназначен для механического отлова ползающих насекомых - вредителей: муравьев – разносчиков тли, плодовых долгоносиков, бабочек пядениц, гусениц и других на фруктовых и декоративных деревьях. Пояс прикреплять на ствол дерева на расстоянии 40-80 см от поверхности почвы; применяется рано весной до набухания почек от зимующих в почве вредителей и в течение лета для защиты от гусениц, муравьёв; в конце августа для отлова бабочек пяденицы. Влагостойкий, невысыхающий клейкий пояс ловит, как Капкан, передвигающихся по стволу вредных насекомых; значительно снижается заселенность кроны деревьев вредителями - уменьшаются потери урожая. Нетоксичен; экологически безопасен, зеленый цвет не привлекает полезных насекомых.					</div>
<section class=""slider-info"">
</section>
</div>";
Каталог|Средства для защиты;Средство для защиты от вредителей Клещевит;Средство для защиты от вредителей Клещевит;33;https://klubsadprof.ru/local/templates/klubsadprof/components/bitrix/catalog.element/custom_store_v3/images/no_photo.png;"<div class=""product-description-inner tab-active"" data-tab-content=""product-description-1"">
<div class=""product-description-title"">Описание</div>
<div class=""product-description-text"">
						Средство для защиты от вредителей Клещевит — препарат, предназначенный для избавления садово-овощных и цветочных культур от паутинного клеща и ряда других вредителей.  Эффект от применения препарата быстрый: уже через несколько часов прекращается негативное воздействие вредителей на растение, а в течение 3-4 суток клещ погибает.					</div>
<section class=""slider-info"">
</section>
</div>";
Каталог|Средства для защиты;Средство для защиты от вредителей Пиноцид;Средство для защиты от вредителей Пиноцид;59;https://klubsadprof.ru/upload/iblock/2ab/8fi4l5rmqzxc6v9f0dbo3t1p879f25cf/sredstvo_dlya_zashity_ot_vrediteley_pinocid_63_rb.jpg;"<div class=""product-description-inner tab-active"" data-tab-content=""product-description-1"">
<div class=""product-description-title"">Описание</div>
<div class=""product-description-text"">
						Средство для защиты от вредителей Пиноцид – препарат, защищающий хвойные культуры от целого комплекса вредителей: тли, хермеса и пр. В основе – 3 активных химических вещества, полностью уничтожающих насекомых за сутки. Защита продолжает свое действие от 2 недель. Не токсично для растений.					</div>
<section class=""slider-info"">
</section>
</div>";
Каталог|Средства для защиты;Средство для защиты от вредителей Сэмпай;Средство для защиты от вредителей Сэмпай;33;https://klubsadprof.ru/local/templates/klubsadprof/components/bitrix/catalog.element/custom_store_v3/images/no_photo.png;"<div class=""product-description-inner tab-active"" data-tab-content=""product-description-1"">
<div class=""product-description-title"">Описание</div>
<div class=""product-description-text"">
						Препарат Сэмпай – кишечно-контактный инсектицид, в составе эсфенвалерат, 50г/л, применяется для яблони от листовертки и яблонной плодожорки, для капусты от капустной совки, репной и капустной белянки, капустной моли, для льна-долгунца от льняных блошек.					</div>
<section class=""slider-info"">
</section>
</div>";
Каталог|Средства для защиты;Средство для защиты от вредителей Фуфанон-Нова;Средство для защиты от вредителей Фуфанон-Нова;25;https://klubsadprof.ru/local/templates/klubsadprof/components/bitrix/catalog.element/custom_store_v3/images/no_photo.png;"<div class=""product-description-inner tab-active"" data-tab-content=""product-description-1"">
<div class=""product-description-title"">Описание</div>
<div class=""product-description-text"">
						Универсальный эффективный способ борьбы с садовыми вредителями – использование препарата Фуфанон нова. Он уничтожает всех растительноядных паразитов. Важная особенность вещества – быстрое действие, высокая результативность, низкая токсичность, отсутствие специфического запаха.					</div>
<section class=""slider-info"">
</section>
</div>";
Каталог|Средства для защиты;Средство для защиты от гнилей Глиокладин;Средство для защиты от гнилей Глиокладин;168;https://klubsadprof.ru/upload/iblock/a2d/m6087pc5kxub8x6qdnrbp5zs47lwn20s/sredstvo_dlya_zashity_ot_gniley_gliokladin_180_rub.jpg;"<div class=""product-description-inner tab-active"" data-tab-content=""product-description-1"">
<div class=""product-description-title"">Описание</div>
<div class=""product-description-text"">
						Глиокладин, таб. – биологический почвенный фунгицид на основе полезного почвенного гриба Trichoderma harzianum, штамм ВИЗР-18, предотвращающий развитие корневых и прикорневых гнилей.

Выпускается в упаковке двух видов: для огородников и цветоводов (состав идентичный). 

Действующее вещество: Trichoderma harzianum, штамм 18 ВИЗР, титр 109 КОЕ/г

Назначение: дезинфекция почвы.

Назначение по культурам:
•    Огурцы и томаты открытого и защищенного грунта - корневые и прикорневые гнили
•    Рассада цветочных растений и комнатные цветочные растения - корневые и прикорневые гнили.


Технология применения Глиокладин, таб: таблетку препарата без растворения в воде вручную поместить в необходимый объем почвы (300-800 мл почвы) на глубину не менее одного сантиметра.					</div>
<section class=""slider-info"">
</section>
</div>";
Каталог|Средства для защиты;Средство для защиты от колорадского жука и проволочника табу;Средство для защиты от колорадского жука и проволочника табу;252;https://klubsadprof.ru/local/templates/klubsadprof/components/bitrix/catalog.element/custom_store_v3/images/no_photo.png;"<div class=""product-description-inner tab-active"" data-tab-content=""product-description-1"">
<div class=""product-description-title"">Описание</div>
<div class=""product-description-text"">
						Современный протравитель клубней картофеля от колорадского жука и проволочника.

Первый способ использования препарата Табу - протравливание клубней перед посадкой. Имея в составе специальный цветовой маркер, Табу позволяет равномерно нанести раствор, контролируя объем окрашенных клубней. Табу создает на поверхности посадочного материала прочную окрашенную пленку, неосыпающуюся после высыхания. После высыхания посадочный материал помещают в лунки и прикапывают.
Вторым способом использования Табу является опрыскивание борозды или подготовленных под посадку лунок с разложенным картофелем. Обработанные борозды засыпаются землей со следующего ряда.Сразу после посадки почвенная влага частично высвобождает действующее вещество, которое выделяется в окружающую среду, формируя своего рода «защитный экран» вокруг клубня. Растущий побег всасывает его как из материнской картофелины, так и из почвы с помощью корней. Благодаря ярко выраженным системным свойствам, Табу равномерно распределяется по вегетирующим органам растения, обеспечивая их надежную защиту с самого момента посадки. При попытке поедания клубней или ботвы вредители прекращают питаться, теряют двигательную активность и погибают в течение суток.Защита от колорадского жука длится до 45 дней после появления всходов, а от проволочника – в течение всего периода его вредоносности.Препарат обладает высокой эффективностью независимо от погодных условий, в рекомендуемых дозах не токсичен для пчел, дождевых червей, птиц и млекопитающих. Расход Табу очень экономичен: 10 мл препарата хватает на 125 кг картофеля.					</div>
<section class=""slider-info"">
</section>
</div>";
Каталог|Средства для защиты;Средство для защиты от сорняков Линтур;Средство для защиты от сорняков Линтур;50;https://klubsadprof.ru/local/templates/klubsadprof/components/bitrix/catalog.element/custom_store_v3/images/no_photo.png;"<div class=""product-description-inner tab-active"" data-tab-content=""product-description-1"">
<div class=""product-description-title"">Описание</div>
<div class=""product-description-text"">
						Средство для защиты от сорняков Линтур – селективный контактный гербицид для борьбы с двудольными сорняками (различные виды осота, одуванчик лекарственный, представители семейства Крестоцветных) на посевах злаковых и газонах. Нельзя использовать препарат на мавританских газонах, а также там, где есть примесь двудольных растений, например, клевера.					</div>
<section class=""slider-info"">
</section>
</div>";
Каталог|Средства для защиты;Средство для защиты от сорняков Спрут Экстра;Средство для защиты от сорняков Спрут Экстра;210;https://klubsadprof.ru/local/templates/klubsadprof/components/bitrix/catalog.element/custom_store_v3/images/no_photo.png;"<div class=""product-description-inner tab-active"" data-tab-content=""product-description-1"">
<div class=""product-description-title"">Описание</div>
<div class=""product-description-text"">
						Средство для защиты от сорняков Спрут Экстра – высококонцентрированный гербицид сплошного действия от всех видов ненужной растительности. Эффективен даже против трудноискоренимых трав: одуванчика, борщевика, амброзии, крапивы, осота и др. Используется перед посевом на осваиваемых участках овощных культур, цветов, на газонах. Уничтожает заросли возле заборов, зданий, дорожек и др.					</div>
<section class=""slider-info"">
</section>
</div>";
Каталог|Средства для защиты;Средство для защиты от укусов насекомых Абсолют Дуст Супер;Средство для защиты от укусов насекомых Абсолют Дуст Супер;42;https://klubsadprof.ru/local/templates/klubsadprof/components/bitrix/catalog.element/custom_store_v3/images/no_photo.png;"<div class=""product-description-inner tab-active"" data-tab-content=""product-description-1"">
<div class=""product-description-title"">Описание</div>
<div class=""product-description-text"">
						Абсолют Дуст Супер – средство абсолютного уничтожения ползающих и летающих вредных насекомых (клопов, мух, тараканов, мокриц и др.). В составе инсектицида несколько активных веществ, усиливающих свойства друг друга. Эффект очевиден после первого применения, и продолжает свое действие в течение 6 недель.					</div>
<section class=""slider-info"">
</section>
</div>";
Каталог|Средства для защиты;Средство для срезанных цветов;Средство для срезанных цветов;42;https://klubsadprof.ru/local/templates/klubsadprof/components/bitrix/catalog.element/custom_store_v3/images/no_photo.png;"<div class=""product-description-inner tab-active"" data-tab-content=""product-description-1"">
<div class=""product-description-title"">Описание</div>
<div class=""product-description-text"">
						Концентрат создан для продления жизни срезанных цветов: роз, тюльпанов, гвоздик, гербер, хризантем, ирисов и др.
Средство содержит полный комплекс веществ,  помогающих сохранить аромат и свежесть букета на долгое время, предотвращающих образование неприятного запаха, способствующих распусканию бутонов.					</div>
<section class=""slider-info"">
</section>
</div>";
Каталог|Средства для защиты;Средство защиты от сорняков Агрокиллер;Средство защиты от сорняков Агрокиллер;377;https://klubsadprof.ru/local/templates/klubsadprof/components/bitrix/catalog.element/custom_store_v3/images/no_photo.png;"<div class=""product-description-inner tab-active"" data-tab-content=""product-description-1"">
<div class=""product-description-title"">Описание</div>
<div class=""product-description-text"">
						Средство защиты от сорняков Агрокиллер — концентрированный препарат, предназначенный для борьбы с многолетними и однолетними сорными травами. Благодаря высокому содержанию изопропиламинной соли уничтожает сложноистребимые борщевик Сосновского, пырей, сныть и другие сорняки.					</div>
<section class=""slider-info"">
</section>
</div>";
Каталог|Средства для защиты;Средство защиты от сорняков Торнадо Экстра;Средство защиты от сорняков Торнадо Экстра;226;https://klubsadprof.ru/local/templates/klubsadprof/components/bitrix/catalog.element/custom_store_v3/images/no_photo.png;"<div class=""product-description-inner tab-active"" data-tab-content=""product-description-1"">
<div class=""product-description-title"">Описание</div>
<div class=""product-description-text"">
						Торнадо универсальный гербицид сплошного действия с повышенным содержанием действующего вещества. Гербицид для уничтожения однолетних и мноrолетних злаковых и двудольных сорняков, а тaкже нежелательной древесно-кустарниковой растительности в личных подсобных хозяйствах					</div>
<section class=""slider-info"">
</section>
</div>";
