Каталог|Экзотические растения;Гранат Асвад;Гранат Асвад;1 907;https://klubsadprof.ru/upload/iblock/0b0/3zlfamzh096y0q8fjbz4my5d2retiyz5/granat_asvad_oks_1200_rub_zks_2000_rub.jpg;"<div class=""product-description-inner tab-active"" data-tab-content=""product-description-1"">
<div class=""product-description-title"">Описание</div>
<div class=""product-description-text"">
						Растение вырастает до четырех метров в высоту и цветет яркими цветами красно-оранжевого цвета. Дерево цветет с июня до самого конца августа. Плоды покрыты толстой зелено-розовой кожурой и имеют среднюю величину. Для фрукта данного сорта характерны розовые светлые зерна. Чем светлее ядра, тем более сладкие они на вкус. По мнению специалистов, содержание сахара в гранате Асвад настолько высокое, что сорт занимает лидирующие позиции по данному показателю.					</div>
<section class=""slider-info"">
</section>
</div>";
Каталог|Экзотические растения;Фейхоа Суперба;Фейхоа Суперба;2 289;https://klubsadprof.ru/upload/iblock/67b/0n1178933hqym35mlfzvq6evsyt1qsno/feyhoa_superba_2400_rub.jpg;"<div class=""product-description-inner tab-active"" data-tab-content=""product-description-1"">
<div class=""product-description-title"">Описание</div>
<div class=""product-description-text"">
						Суперба - форма плода круглая или слегка вытянутая, размер от маленького до среднего; очень вкусно пахнет.

Фейхоа – растение субтропическое, теплолюбивое, поэтому в садах средней полосы его не встретишь. Плоды этого дерева появляются в продаже зимой, из них готовят очень вкусное, ароматное варенье, обладающее массой полезных свойств. Можно просто перетереть ягоды с сахаром, а можно употреблять и в свежем виде. Используются плоды фейхоа и в винодельческой промышленности.

Месторасположение. Фейхоа – светолюбивая культура, поэтому лучше всего разместить ее на южном или юго-восточном окне. В осенне-зимний период растение сбрасывает довольно много листьев. Чтобы исключить это явление, необходимо досвечивание.

Температура. Взрослые растения выдерживают температуру до —12 °C, устойчивы против засухи. Зимой растение лучше всего содержать в прохладном светлом помещении с температурой 8—12 °C. Летом хорошо вынести в сад или на балкон.

Почва. К почвенным условиям растение нетребовательно, пригоден обычный цветочный субстрат.

В первые 2–3 года в связи с активным ростом корневой системы пересадку следует проводить ежегодно. При пересадке обязательно сохранять почвенный ком и растение не заглублять. Впоследствии пересадку делать один раз в 3 года.

Полив. Фейхоа – влаголюбивое растение. Пересушка земляного кома ведет к потере листьев, засыханию ветвей и части корневой системы. После полива скопившуюся в поддоне воду не удаляют – через некоторое время она впитается в земляной ком. В зимнее время, когда влажность воздуха в доме низкая, при уходе за фейхоа растение полезно опрыскивать чуть теплой водой. Летом рекомендуется обильный полив, зимой – умеренный.

Подкормки. Фейхоа весьма требователен к подкормкам в период цветения и завязывания плодов. В течение года фейхоа подкармливают каждые 15 дней, чередуя азот, фосфор и калий. Используют конский навоз (1:10), суперфосфат и зольную вытяжку. Суперфосфат плохо растворяется в воде, поэтому сначала 1 чайную ложку удобрения следует прокипятить в 1 л воды. Остуженный раствор разводят водой в соотношении 1:1. Для получения калийного удобрения 1 столовую ложку золы лиственных пород настаивают 1 неделю в 1 л воды. Перед подкормкой растение поливают обычной водой.

Пересадка. В первые 2–3 года фейхоа нужно ежегодно пересаживать в свежий питательный субстрат. Взрослые растения переваливают в большую посуду, заполняя свежим субстратом только пространство между стенками горшка и корневым комом. Выходящие из дренажного отверстия корни следует подрезать. Подробнее: https://exotiksad.ru/p331998013-fejhoa-sort-superba.html					</div>
<section class=""slider-info"">
</section>
</div>";
Каталог|Экзотические растения;Киви Монти 1 шт.;Киви Монти 1 шт.;573;https://klubsadprof.ru/upload/iblock/cd4/u5bs4kh8929huqzfne5eokqyquu44cqk/Kivi-Monti.jpg;"<div class=""product-description-inner tab-active"" data-tab-content=""product-description-1"">
<div class=""product-description-title"">Описание</div>
<div class=""product-description-text"">
						Сорт киви ""Монти"" - отнесен к техническим морозостойким (до -30°C) сортам из-за низких товарных качеств плодов. Растения отличаются сильным ростом, поэтому зимнюю и зеленую обрезку следует проводить с большей тщательностью. Длина однолетних приростов к концу вегетации может достигать 2,5-3 м. Киви это экзотическая лиана, но это не мешает ей акклиматизироваться в различных регионах страны даже с холодными зимами. Акклиматизацию молодых растений киви производят как для сеянцев киви 2-годичного возраста так и для привитых саженцев киви, содержа их на открытом воздухе безо всякой защиты от морозов. Плоды сорта ""Монти"" мелкие, невыровненные, кожура темно-коричневого цвета, густо опушены мягкими волосками, мякоть ярко-зеленая, сочная, кисло-сладкая, с тонким ароматом ананаса. Средняя масса плода без прореживания завязей составляет 25-30 г. Период технической спелости приходится на конец октября. Плоды хорошо сохраняются на растении до конца декабря, в условиях регулируемого микроклимата отличаются высокой лежкостью: период хранения достигает 6 месяцев. Из-за технической направленности сорта и низкой лежкости плодов при хранении, уборку следует вести в самую последнюю очередь (например, в условиях г. Сочи в конце ноября - начале декабря). Листья крупные, почти округлой формы, очень похожи на листья сорта Бруно. Цветки женского типа, собраны по 3-5 в соцветия, имеют 5 лепестков белого цвета, округлой формы. Отличаемся наиболее ранним (середина мая) и продолжительным (до 14 дней) цветением.					</div>
<section class=""slider-info"">
</section>
</div>";
Каталог|Экзотические растения;Лимон Павловский;Лимон Павловский;2 289;https://klubsadprof.ru/upload/iblock/9fa/yeh29o2m8c4b444p41fpdsknfrilo981/limon_pavlovskiy_2400_rub.jpg;"<div class=""product-description-inner tab-active"" data-tab-content=""product-description-1"">
<div class=""product-description-title"">Описание</div>
<div class=""product-description-text"">
						Лимон Павловский сорт кустовидных. Взрослое растение достигает 0,8-1,4 м в высоту. Имеет округлую крону 0,6-1,2 м в диаметре с 2-4 скелетными ветвями. На молодых побегах кора темно-зеленого цвета, взрослые ветки имеют оливково-серую кору с продольными трещинами. Практически все Павловские лимоны имеют острые колючки на ветвях длиной 1-1,5 см. Листья крупные 12-14 см длиной, с клиновидным основанием и длинной заостренной верхушкой. Форма различная, в зависимости от вида может быть широкоовальной, продолговатой, овальной, широколанцетной или обратнояйцевидной. Листья яркие, блестящие зеленого или темно-зеленого цвета. Черешок короткий, с небольшим желобком. Следует знать, что Павловские лимоны скидывают периодически старую листву. Однако специалистами установлено, что в кроне здорового деревца на каждый плод должно приходиться не менее 8-12 физиологически активных листьев.					</div>
<section class=""slider-info"">
</section>
</div>";
Каталог|Экзотические растения;Мандарин Надоркотт;Мандарин Надоркотт;2 289;https://klubsadprof.ru/upload/iblock/4a7/v2gjw3afsgmtqswedlbzr3x3r44lyu3e/mandarin_nadorkott_2400_rub.jpg;"<div class=""product-description-inner tab-active"" data-tab-content=""product-description-1"">
<div class=""product-description-title"">Описание</div>
<div class=""product-description-text"">
						Деревья энергичные, быстрорастущие. Очень рано вступают в плодоношение - на второй год. 
Время сбора урожая в Южном полушарии с середины июня по середину августа, в Северном полушарии - в марте. Плоды можно собирать в течение шести недель без потери качества. При полном созревании в плодах высокий уровень сахара (11% до 14%) и умеренное содержание кислоты (0,8% до 1,4%). Плоды шарообразные, слегка сплюснутые, 55-58 мм в диаметре (в среднем крупнее, чем Нова или клементины). Кожура гладкая (при достаточной влажности воздуха), красновато-оранжевая, с розовым ""румянцем"". Легко отделяется от мякоти. Мякоть глубокого оранжевого цвета. Сорт очень чувствителен к перекрестному опылению, для получения бессемянных плодов необходимо изолировать его от других цитрусов во время цветения. 

Мандарин - древняя цитрусовая культура, возделываемая человеком ещё до нашей эры. По сравнению с другими цитрусовыми, мандарин является самым распространённым видом в тропической Азии, Китае и Японии.

Мандарин - небольшое ветвистое вечнозелёное дерево семейства рутовых с кожистыми ланцетными листьями. На черешках крупных листьев мандарина есть небольшие крылышки; длительность жизни каждого листа - до четырёх лет. Высота взрослого мандарина (возрастом около четверти века) достигает 3,5 метров, его шаровидная крона такого же диаметра. Плод мандарина созревает около 7-8 месяцев.					</div>
<section class=""slider-info"">
</section>
</div>";
Каталог|Экзотические растения;Фейхоа Андрэ;Фейхоа Андрэ;2 289;https://klubsadprof.ru/upload/iblock/aff/1sv9q0ppqup4b8dcq7htjf4c1zpusg5u/feyhoa_andre_2400_rub.jpg;"<div class=""product-description-inner tab-active"" data-tab-content=""product-description-1"">
<div class=""product-description-title"">Описание</div>
<div class=""product-description-text"">
						Это тот самый первый сорт, который был впервые обнаружен и назван в честь доктора Андре. Плоды весом до 120 грамм, с темно-зеленой кожурой, очень сочные и имеют тонкий вкус с легкой кислинкой. Семена очень мелкие и, как правило, их довольно мало. Ягоды очень пахучие, но кустарник обычно не дает высокого урожая.					</div>
<section class=""slider-info"">
</section>
</div>";
Каталог|Экзотические растения;Апельсин Вашингтон-Навел;Апельсин Вашингтон-Навел;2 671;https://klubsadprof.ru/upload/iblock/a8b/y5fshr1k545gmxmk1scg5jf5gjt0d9iv/apelgsin_vashington_navel_2800_rub.png;"<div class=""product-description-inner tab-active"" data-tab-content=""product-description-1"">
<div class=""product-description-title"">Описание</div>
<div class=""product-description-text"">
						Комнатный Апельсин сорта Вашингтон Навел один из самых древних и популярных для домашнего разведения сортов домашних цитрусовых растений. И за многие годы зарекомендовал себя, как стабильно и успешно плодоносящий, даже в не самых благоприятных условиях.
При выращивании дома плоды этого цитруса могут достигать веса в 250 г. Косточек содержит мало, мякоть у него сладкая, ярко-оранжевого цвета.
Крона комнатного деревца апельсина, при комнатном выращивании вырастает до среднего размера около метра. Ее можно сформировать как деревцем, так и кустом. Его листья, как и все цитрусовые, наполняют помещение натуральными эфирными маслами, которые улучшают самочувствие, придают бодрость и повышают работоспособность.					</div>
<section class=""slider-info"">
</section>
</div>";
Каталог|Экзотические растения;Кумкват Мейва;Кумкват Мейва;2 289;https://klubsadprof.ru/upload/iblock/db3/52rf3w7q6ys6up44z4g7b21y013lpcsd/kumkvat_meyva_2400_rub.jpg;"<div class=""product-description-inner tab-active"" data-tab-content=""product-description-1"">
<div class=""product-description-title"">Описание</div>
<div class=""product-description-text"">
						Кумкват Мейва (Meiwa Kumquat) дарит своему владельцу желто-оранжевые, внешне похожие на лимон, плоды с приятным вкусом. Сам кустарник невысокий, с плотной кроной и небольшими овальными листьями. Даже при отсутствии плодов кумкват Мейва вполне способен украсить интерьер.					</div>
<section class=""slider-info"">
</section>
</div>";
Каталог|Экзотические растения;Гранат Ак-Дона;Гранат Ак-Дона;1 907;https://klubsadprof.ru/upload/iblock/7c1/cvu0nedm3ep115pptf1vkup2hpydvlh7/granat_ak_dona_oks_1200_rub_zks_2000_rub.jpg;"<div class=""product-description-inner tab-active"" data-tab-content=""product-description-1"">
<div class=""product-description-title"">Описание</div>
<div class=""product-description-text"">
						Ак Дона Крымская — неприхотливый сорт, выращивается садоводами даже в непривычных для граната условиях степного Крыма. Плоды продолговатой формы покрыты тонкой кремовой кожурой с красным румянцем. Зёрна тёмно-розового цвета с ярким сладким вкусом.

Высокий, но компактный куст. Форма приплюснуто-круглая. Масса граната 250-600 г. Кожица гладкая, блестящая, бежевого цвета с малиновым румянцем. Зерна удлиненные, розового цвета. Чашечка конусовидная с выгнутыми зубцами. Гранатовый сок получается светло-розового оттенка, сладкий на вкус.  Период созревания фруктов припадает на октябрь. Срок хранения 60 дней. Урожайность с куста в среднем составляет 20-25 кг.					</div>
<section class=""slider-info"">
</section>
</div>";
Каталог|Экзотические растения;Мандарин Клементин;Мандарин Клементин;2 289;https://klubsadprof.ru/upload/iblock/d0d/4p9wrr9sogakuxbhcb20lkz0b68e58i7/mandarin_klementin_2400_rub.jpg;"<div class=""product-description-inner tab-active"" data-tab-content=""product-description-1"">
<div class=""product-description-title"">Описание</div>
<div class=""product-description-text"">
						Клементин - это гибрид мандарина и апельсина-королька (или горького севильского апельсина), принадлежащий к семейству Рутовых. Этот цитрус был выведен в 1902 году в Алжире французским священнослужителем и по совместительству упорным селекционером - отцом Клеманом (полное имя - Пьер Клемент). Помимо церкви, он много времени проводил в своем шато, где посвящал себя виноделию и выращиванию новых сортов. Клементин еще называют итальянским мандарином или апельсином навель. В основном он произрастает в странах Средиземноморья, в частности в Марокко, Алжире, Испании, Франции, Италии. Соответственно эти государства являются его главными производителями. Плоды клементина внешне похожи на мандарин. Они отличаются более интенсивной окраской (темно-оранжевые) и большим количеством косточек, которых в настоящих мандаринах почти нет. Клементины покрытые тонкой, но твердой и блестящей кожурой, к которой плотно примыкает сочная мякоть. Эти цитрусы бывают мелкие и среднекрупные по размеру, и слегка приплюснутые по форме. Листья клементина небольшие и довольно плотные, в их пазухах можно увидеть незначительные колючки. Сладкие и сочные клементины едят в основном свежими. С ними также можно готовить компоты и начинки для фруктовых десертов, например, для тортов или бисквитов. Эти цитрусовые часто используют для маринадов и соусов, их смешивают с различными напитками, а сок замораживают для приготовления сорбе. Клементины являются важным компонентом для некоторых изысканных алкогольных напитков: его засахаренные плоды добавляют в бренди, а в Англии на этом цитрусовом настаивают ликеры.					</div>
<section class=""slider-info"">
</section>
</div>";
Каталог|Экзотические растения;Мандарин Сацума;Мандарин Сацума;2 289;https://klubsadprof.ru/upload/iblock/1b3/l1g9gdtwok18a25yts6cwyrvwkn0w48s/mandarin_sacuma_2400_rub.jpg;"<div class=""product-description-inner tab-active"" data-tab-content=""product-description-1"">
<div class=""product-description-title"">Описание</div>
<div class=""product-description-text"">
						Мандарин Сацума является представителем рода Цитрусовые. Его отличием является тоненькая кожура, которую легко очистить. Также к особенностям сорта относят мягкую сочную сердцевину, насыщенную желто-оранжевую окраску.
Дерево комнатного мандарина с плодами в мае покрывается многочисленными соцветиями. Колючки на ветвях отсутствуют. Внутри плодов содержится вкусная и сочная мякоть. Косточки отсутствуют. Отличием этого сорта является тонкая кожица, ее легко снять. Само растение является выносливым и холодостойким.					</div>
<section class=""slider-info"">
</section>
</div>";
Каталог|Экзотические растения;Лайм Каффир;Лайм Каффир;2 289;https://klubsadprof.ru/upload/iblock/8cd/728l2x08060itwagjpoqbitqa3kaj3k2/laym_kaffir_2400_rub.jpg;"<div class=""product-description-inner tab-active"" data-tab-content=""product-description-1"">
<div class=""product-description-title"">Описание</div>
<div class=""product-description-text"">
						Цитрус Каффир лайм (Папеда ежеиглистая) - один из видов семейства цитрусовых. Несмотря на название, он не относится к настоящим лаймам, а входит в подрод Папеда. Фрукт известен в Азии как макрут, а в других частях света — как каффир-лайм. Кожура у него темно-зеленая и бугристая. Сам плод несъедобен, кожуру иногда используют в кулинарии, но главная ценность каффир-лайма заключена в его листьях. Сока в плодах каффир-лайма мало и он очень кислый. Листья и плоды каффир-лайма широко используются в кулинарии Юго-Восточной Азии. Листья также используются в качестве основного ингредиента для том яма, традиционного тайского блюда (кисло-острый суп). Кожура фрукта используется при изготовлении массажных масел. Саженец без плодов, в красочной упаковке. Вегетирующий саженец с упакованной корневой системой, в красочной упаковке. Хранить до посадки при температуре от +10 °С и выше.					</div>
<section class=""slider-info"">
</section>
</div>";
Каталог|Экзотические растения;Мушмула Премьер;Мушмула Премьер;1 907;https://klubsadprof.ru/upload/iblock/7a5/2ldy9lzfxse7ruguqu65oacxpnssvkns/mushmala_premger_2000_rub.jpg;"<div class=""product-description-inner tab-active"" data-tab-content=""product-description-1"">
<div class=""product-description-title"">Описание</div>
<div class=""product-description-text"">
						Саженцы мушмулы Premyer легко могут стать украшением в саду. У мушмулы этого сорта плоды одни из самых крупных. Крупномеры мушмулы Premyer хорошо переносят пересадку и адаптируются к новым условиям.					</div>
<section class=""slider-info"">
</section>
</div>";
Каталог|Экзотические растения;Гранат Халва;Гранат Халва;1 907;https://klubsadprof.ru/upload/iblock/301/q812zeukwomywa1xap9p1cbktwgxdg7z/granat_halva_oks_1200_rub_zks_2000_rub.jpg;"<div class=""product-description-inner tab-active"" data-tab-content=""product-description-1"">
<div class=""product-description-title"">Описание</div>
<div class=""product-description-text"">
						Растение вырастает до четырех метров в высоту и цветет яркими цветами красно-оранжевого цвета. Дерево цветет с июня до самого конца августа. Плоды покрыты толстой зелено-розовой кожурой и имеют среднюю величину. Для фрукта данного сорта характерны розовые светлые зерна. Чем светлее ядра, тем более сладкие они на вкус. По мнению специалистов, содержание сахара в гранате Халва настолько высокое, что сорт занимает лидирующие позиции по данному показателю.					</div>
<section class=""slider-info"">
</section>
</div>";
Каталог|Экзотические растения;Лавр Канарский;Лавр Канарский;1 335;https://klubsadprof.ru/upload/iblock/874/he2zx51sij3b4cs8xdeewsabaiz2z49p/lavr_kanarskiy_1400_rub.jpg;"<div class=""product-description-inner tab-active"" data-tab-content=""product-description-1"">
<div class=""product-description-title"">Описание</div>
<div class=""product-description-text"">
						Высокое двудомное дерево (реже – крупный кустарник) высотой 15 – 25 м, с гладкой серой корой. Молодые побеги и нижняя сторона листьев с войлочным опушением. С возрастом опушение листьев исчезает. Листья очерёдные, тёмно-зелёные, блестящие, яйцевидно-ланцетные, 5 – 10(–17) х 3 – 6 см, с гладким или несколько волнистым краем. В пазухах вторичных жилок на нижней стороне листьев расположены небольшие желёзки – доматии. Цветки собраны в густые соцветия на коротких опушённых общих цветоносах в пазухах листьев. Листочки околоцветника в числе 4, желтоватые, 3,5 – 5 мм длиной, на верхущке тупые. Плоды – мясистые, костянковидные, 1 – 2 см длиной, вначале зелёные, ко времени созревания становятся синевато-чёрными.					</div>
<section class=""slider-info"">
</section>
</div>";
Каталог|Экзотические растения;Лайм Палестинский;Лайм Палестинский;2 289;https://klubsadprof.ru/upload/iblock/c4b/kl4wvmfjlncaux1nkm2e2rynzxt34gdk/laym_palgchikovyi_2400_rub.jpg;"<div class=""product-description-inner tab-active"" data-tab-content=""product-description-1"">
<div class=""product-description-title"">Описание</div>
<div class=""product-description-text"">
						Палестинский лайм — красивое вечнозеленое деревце, которое вызывает большой интерес у коллекционеров. Родиной сорта считают Индию. В промышленных целях растение также выращивают в Египте, Северном Вьетнаме и странах Ближнего Востока. Ботаническое название — Citrus limetta.

Высота дерева зависит от размеров его корневой системы, и в естественных условиях лайм вырастает до 8 м в высоту. Но любители цитрусовой экзотики могут не опасаться таких размеров: максимальная высота их деревца — 1–2 м. Хотя, если посадить его в 50-литровый горшок, возможно, обычная городская квартира ему станет мала.

Растение размножается черенками, воздушными отводами, прививкой. Хотите получить его себе в коллекцию — воспользуйтесь любым из этих способов, оно укореняется без труда. К хлорозу и другим болезням сорт достаточно устойчивый, так что ухаживать за вашим новым «жильцом» — одно удовольствие.

Наши цветоводы любят палестинский лайм за его декоративность. Небольшие овальные, листики бледно-зеленого цвета не привлекают к себе особого внимания. Они часто бывают скрученными или сложенными в виде лодочки. А вот белые, собранные в пучки цветы являются главным достоинством растения. Они наполняют воздух сильным, душистым ароматом. Приобрести этот сорт лайма стоит уже только из-за этого ошеломляющего запаха.

Однако настоящее сокровище растения — это его плоды: невероятно сочные, очень сладкие, с чуть заметной горчинкой. Они имеют изумительный вкус, и дети их просто обожают. Кожура лайма тонкая, гладкая, ее цвет меняется от зеленого до желто-зеленого или даже оранжевого, что для лайма не совсем привычно. Под тонкой кожицей скрывается нежная мякоть с небольшим количеством семян. Ее сок напоминает по вкусу сок лимона, хотя более душистый и нежный.

Растение очень полезно при простудных заболеваниях и гриппе. Вызревшие плоды в течение двух недель хорошо хранятся при комнатной температуре, а в холодильнике не теряют своего вкуса и целебных качеств около двух месяцев. Из них можно сделать сок — очень вкусный и полезный.					</div>
<section class=""slider-info"">
</section>
</div>";
Каталог|Экзотические растения;Лайм Таити;Лайм Таити;2 289;https://klubsadprof.ru/upload/iblock/f2c/tzkmel07l9qh1tpvobgkah1vmkobw9uw/laym_taiti_2400_rub.jpg;"<div class=""product-description-inner tab-active"" data-tab-content=""product-description-1"">
<div class=""product-description-title"">Описание</div>
<div class=""product-description-text"">
						У Лайма Таити плоды размером с небольшой лимон, овальные, Семян почти нет. Кожура тонкая, гладкая. При созревании цвет бледно-желтый. Мякоть бледная, зеленовато-желтая, нежная, сочная, очень кислая, с настоящим лаймовым ароматным привкусом. Плодоносит круглый год, но основная доля урожая приходится на зимний период. Листья среднего размера, очень красивые - пестролистные, вариегатные или зеленые.					</div>
<section class=""slider-info"">
</section>
</div>";
Каталог|Экзотические растения;Лимон Салават;Лимон Салават;2 289;https://klubsadprof.ru/upload/iblock/25b/0ya8m7gs0hi5770gnrpre16omahg1hwe/limon_salavat_2400_rub.jpg;"<div class=""product-description-inner tab-active"" data-tab-content=""product-description-1"">
<div class=""product-description-title"">Описание</div>
<div class=""product-description-text"">
						Дерево высотой 2,5-3,5м, с пониклой кроной средней густоты. Побеги средней толщины, дугообразные, без опушения. Листья крупные, зеленые, блестящие, среднезубчатые. Плоды крупные, массой 350-800г, округлые, с плоскими основаниями и слабо удлиненными вершинами, золотисто-желтые. Кожура толстая, плотная, гладкая, с блестящей маслянистой поверхностью. Мякоть желтовато-кремовая, сочная, кисло-сладкая. Содержание сахаров – 3,3-4,7%, кислот (в основном лимонной) – 3,1-3,3%, витамина С – 36,6-37,5 мг%. Урожайность 29,0 кг с 1 дерева.					</div>
<section class=""slider-info"">
</section>
</div>";
Каталог|Экзотические растения;Магнолия вечнозеленая Бетти;Магнолия вечнозеленая Бетти;1 785;https://klubsadprof.ru/upload/iblock/8f7/iao5d2hy0726az8brrfnxj2kul6adwgk/magnoliya_vechnozelenaya_betti_8000_rub.jpg;"<div class=""product-description-inner tab-active"" data-tab-content=""product-description-1"">
<div class=""product-description-title"">Описание</div>
<div class=""product-description-text"">
						Бетти - медленно растущий кустарник или дерево высотой 2,5 - 4 м. Восхитительные цветки массово распускаются с середины апреля до начала мая, до появления листьев. Чашевидные, 20 см в диаметре, с насыщенным цитрусовым ароматом! Лепестки снаружи окрашены в красновато-фиолетовые тона, внутри - белые. В середине лета цветение повторится, но лишь в виде отдельных цветков. Листья овальной формы, до 15 см длиной. Распускаются с медно-красными оттенками на кончиках, к концу весны становятся тёмно-зелёными, а осенью окрашиваются в жёлтые и бронзово-медные тона. Магнолия эффектна в любое время года! Американцы не зря называют это декоративное дерево мультисезонным! Молодые растения нуждаются в тщательном укрытии на зиму. Взрослые деревья переносят морозы до -30 °С и не нуждаются в специальной обрезке. Если вы хотите удалить старые ветки и придать кусту оригинальную форму, лучше это сделать сразу же после цветения. Магнолии предпочитают кислые влажные почвы.  Они обладают очень нежной поверхностной корневой системой, которую легко повредить.  Поэтому хорошенько замульчируйте дерево после посадки и не сажайте рядом с ним другие растения.					</div>
<section class=""slider-info"">
</section>
</div>";
Каталог|Экзотические растения;Мушмула Морозко;Мушмула Морозко;1 907;https://klubsadprof.ru/upload/iblock/04a/b92xuolzk5g1ec2k3oc029pi3lmtk1hj/mushmala_morozko_2000_rub.jpg;"<div class=""product-description-inner tab-active"" data-tab-content=""product-description-1"">
<div class=""product-description-title"">Описание</div>
<div class=""product-description-text"">
						Саженцы мушмулы Морозко принадлежат к зимостойким и засухоустойчивым сортам. Растение рослое, рано зацветает, образуя великолепные соцветия. Древесина дерева не отличается ломкостью, поэтому ему можно придать любую форму. Плодоношение обильное, регулярное. Плод крупный с ароматной мякотью, без терпкости, высоковитаминный.Саженцы мушмулы Морозко спокойно выдерживают низкие и высокие температуры. Если плоды снять с дерева раньше срока, то рекомендуется обработать их в подсоленной воде, чтобы избежать гниения.
Скрыть описание					</div>
<section class=""slider-info"">
</section>
</div>";
Каталог|Экзотические растения;Унаби (Зизифус) Китайский 60;Унаби (Зизифус) Китайский 60;608;https://klubsadprof.ru/upload/iblock/15b/06w8q55tow93q13teapm9mt88kyy69dt/unabi_kitayskii_60_1000_rub.jpg;"<div class=""product-description-inner tab-active"" data-tab-content=""product-description-1"">
<div class=""product-description-title"">Описание</div>
<div class=""product-description-text"">
						Китайский 60 - один из самых маленьких унаби среди всех существующих. Высота не превышает трех метров, плоды - 10-12 см. Урожай обычно собирают в сентябре.					</div>
<section class=""slider-info"">
</section>
</div>";
Каталог|Экзотические растения;Унаби (Зизифус) Синит;Унаби (Зизифус) Синит;608;https://klubsadprof.ru/upload/iblock/94d/0zk23fiucgsq0oyfour0zgvn24bmscik/unabi_sinit_1000_rub.jpg;"<div class=""product-description-inner tab-active"" data-tab-content=""product-description-1"">
<div class=""product-description-title"">Описание</div>
<div class=""product-description-text"">
						Синит - выведенный в Украине сорт средней высоты с пышной кроной. Имеет темно-коричневые некрупные плоды размером всего 6 см. Плоды синита сладковатые на вкус и отлично подходят для консервации и сушки.					</div>
<section class=""slider-info"">
</section>
</div>";
Каталог|Экзотические растения;Унаби (Зизифус) Хурман;Унаби (Зизифус) Хурман;608;https://klubsadprof.ru/upload/iblock/bb5/npye5ihytx8lnno7x4zg2li2224dgr2g/unabi_hurman_1000_rub.jpg;"<div class=""product-description-inner tab-active"" data-tab-content=""product-description-1"">
<div class=""product-description-title"">Описание</div>
<div class=""product-description-text"">
						Унаби - это колючее дерево, которое просыпается весной. Плоды достигают зрелости в среднем через 60 дней, они очень сладкие и приятные на вкус. Сбор урожая обычно занимает около 3-х недель.					</div>
<section class=""slider-info"">
</section>
</div>";
Каталог|Экзотические растения;Унаби (Зизифус) Мори Джер;Унаби (Зизифус) Мори Джер;608;https://klubsadprof.ru/upload/iblock/9c2/m9kmz4syc87daw03l95jrvieeny5w74k/unabi_mori_dzher_1000_rub.jpg;"<div class=""product-description-inner tab-active"" data-tab-content=""product-description-1"">
<div class=""product-description-title"">Описание</div>
<div class=""product-description-text"">
						Мори джер - этот сорт вывели молдавские специалисты. Плоды вырастают до 25 см, а главной особенностью этого унаби является его морозоустойчивость. Дерево способно выдерживать заморозки до -25 градусов.					</div>
<section class=""slider-info"">
</section>
</div>";
Каталог|Экзотические растения;Гранат Шароли;Гранат Шароли;1 907;https://klubsadprof.ru/upload/iblock/586/l4mj5ad8afk1evnq1ea2q87s466mqjqt/granat_sharoli_oks_1200_rub_zks_2000_rub.jpg;"<div class=""product-description-inner tab-active"" data-tab-content=""product-description-1"">
<div class=""product-description-title"">Описание</div>
<div class=""product-description-text"">
						Сладкий сорт граната ирландского происхождения Шароли активно выращивается на всей территории Украины. Культура хорошо плодоносит, имеет высокий иммунитет к болезням и вредителям. Описание и характеристики сорта:
сорт: самоплодный, для увеличения урожайности можете высадить рядом другие сорта граната;
высота: 2, 5 м;
крона: густая, широкая, на ветках есть шипы;
цветение: май-июнь;
плодоношение: на 4 год;
сбор урожая: октябрь-ноябрь;
плоды: крупный, 350-500 г;
кожура: красная, толстая, плотная;
зерна: темно-розовые;
вкус: приятный, сладкий с ненавязчивой кислинкой;
чем полезен гранат: плоды содержат большое количество витаминов, микроэлементов;
урожайность: в сезон с граната собирают 50-60 кг плодов;
посадка в почвы: май;
расстояние между деревьями 1,5-2 м;
участок: солнечный, без сквозняка;
почва: суглинистая, супесчаная;
полив: регулярный для молодых саженцев;
подкормка: со 2 года;
обрезка: весной проводите формовочную обрезку, весной\осенью удаляйте лишнюю поросль, раз в несколько лет омолаживайте побеги;
морозоустойчивость: -15°С, надземную часть укройте агроволокном, приствольный круг замульчируйте					</div>
<section class=""slider-info"">
</section>
</div>";
Каталог|Экзотические растения;Лимон Урман;Лимон Урман;2 289;https://klubsadprof.ru/upload/iblock/e6a/lm8ujvod1utif3woyxsgldv39co6v8nn/limon_urman_2400_rub.jpg;"<div class=""product-description-inner tab-active"" data-tab-content=""product-description-1"">
<div class=""product-description-title"">Описание</div>
<div class=""product-description-text"">
						Лимон ""Урман"" - ремонтантный. Универсальный. Дерево высотой 2,8 м, среднеразрастающееся. Крона средней густоты, пониклая. Кора оливково-серого цвета. Побеги дугообразно изогнутые, коричневые, голые. Листья среднего размера, зеленые, блестящие, гладкие. Край листа зазубренный. Черешок до 1 см. Цветки среднего размера, бокаловидной формы, белые, с ароматом. Плоды крупные, размером 135х85 мм, имеют форму дыни, ребристые. Основание вытянутое, верхушка заостренная. Кожура плода средней толщины, плотная, шероховатая, маслянистая, блестящая, основная окраска золотисто-желтая. Отделяемость кожуры низкая. Альбедо губчатое. Мякоть желтая, сочная, кисловато-сладкая, с сильным ароматом. Максимальное количество съема плодов с середины сентября до конца апреля. Срок потребления плодов до 3,5 месяцев. Средняя масса плода 330 г, максимальная - 750 г. Соотношение в плодах: мякоти 66,3%, сока 10,6%, кожуры 31,1%, семян 2,4%. Содержание в плодах: сахара 4,32%, кислоты 3,78%, витамина ""С"" 37,38%. Возраст вступления в плодоношение на 2-3-ий год. Средняя урожайность составила 22,25 кг с дерева в возрасте 6-9 лет, 27,5 кг - в 10-13 лет, 29 кг в возрасте 16 лет. Плоды пригодны для переработки на варенье. По данным заявителя, сорт устойчив к болезням и вредителям, транспортабельность плодов хорошая. Рекомендуется выращивать во всех областях России в защищенном грунте, на Черноморском побережье в открытом грунте.					</div>
<section class=""slider-info"">
</section>
</div>";
Каталог|Экзотические растения;Апельсин Салустиана;Апельсин Салустиана;2 671;https://klubsadprof.ru/upload/iblock/922/4041u9wirg4qx43c80lrfdqoll8ia26g/apelgsin_salustiana_2800_rub.jpg;"<div class=""product-description-inner tab-active"" data-tab-content=""product-description-1"">
<div class=""product-description-title"">Описание</div>
<div class=""product-description-text"">
						Дерево энергичное, склонное к вертикальному росту, сильнорослое, урожайное. Плоды довольно крупные, почти шаровидные и практически без семян. Окраска при полном созревании очень яркая. Кожура средней толщины, слегка шероховатая. Мякоть очень сочная, сладкая и ароматная. Плоды долго могут оставаться на дереве без потери качества. Сорт ранний (в Испании срок сбора урожая ноябрь). 
Salustiana. Ценный промышленный сорт испанского происхождения. Предположительно возник как спорт на дереве Comuna в саду монастыря. Salustiano Pallas, владеющий цитрусовым садом неподалеку в Enova, Валенсия, ввел его в производство в 1950 г. Сорт широко распространен в Испании, в Алжире и Марокко. 
Также известен как: Pallas Salustiana, Salus и Salustiano. По габитусу сходен с сортом Cadenera, за исключением того, что у Cadenera плоды несколько более сплюснутой формы, а Salustiana значительно раньше созревает.

Соблюдая все необходимые правила ухода за апельсином комнатным, можно вырастить очень красивое и полезное дерево в своем доме или офисе.					</div>
<section class=""slider-info"">
</section>
</div>";
Каталог|Экзотические растения;Гранат Восточный;Гранат Восточный;1 907;https://klubsadprof.ru/upload/iblock/886/xxsa7yzj15mvte8ilva354lp7r8lmpha/granat_vostochnyy_oks_1200_rub_zks_2000_rub.jpg;"<div class=""product-description-inner tab-active"" data-tab-content=""product-description-1"">
<div class=""product-description-title"">Описание</div>
<div class=""product-description-text"">
						Гранат Восточный - высокоурожайный сорт граната среднего срока созревания. Кустарник или дерево в условиях Украине растут до 1.5 м в высоту. Плоды средние и крупные округлой формы и светло-карминового окраса. Тонкокорый. Окрас кожуры розовый или кремовый. Зерна крупные, темно-пурпурного цвета, на вкус – кисло-сладкие, семена среднего размера.					</div>
<section class=""slider-info"">
</section>
</div>";
Каталог|Экзотические растения;Лимон Новогрузинский;Лимон Новогрузинский;2 289;https://klubsadprof.ru/upload/iblock/baf/mmqygsd04m8uxvb3zsqaxcouvs24jk9a/limon_novogruzinskiy_2400_rub.png;"<div class=""product-description-inner tab-active"" data-tab-content=""product-description-1"">
<div class=""product-description-title"">Описание</div>
<div class=""product-description-text"">
						При описании Лимона Новогрузинский необходимо отметить, что он заметно отличается от других видов своим размером.  Это довольно рослое дерево, ведь на открытом грунте оно достигает до 5 м в высоту, а в помещении его рост составляет 1,5 — 2 м.
Выросшее в комнатных условиях дерево будет радовать вид своей красивой раскидистой кроной, практически не требующей формирования. Ветви дерева, покрытые колючками, будут вырастать в том месте, где надо и аккуратно формировать при этом крону. Листья у Новогрузинского лимона расположены густо, они гладкие, приятного светло-зеленого цвета, форма у них удлиненная, размером 12 × 5 см. Они обладают замечательным нежнейшим ароматом лимона. Сорт лимона Новогрузинский является ремонтантным и приносит урожай по нескольку раз в год (2 – 3 раза). При надлежащем уходе в год дерево может дать 100 – 200 плодов. Они имеют круглую либо слегка овальную форму, вес их составляет около 150 г.					</div>
<section class=""slider-info"">
</section>
</div>";
Каталог|Экзотические растения;Лимон Пандероза;Лимон Пандероза;2 289;https://klubsadprof.ru/upload/iblock/930/hosfpj5fp2cxz9n9v2z37l5srugz7t42/limon_panderoza_2400_rub.jpg;"<div class=""product-description-inner tab-active"" data-tab-content=""product-description-1"">
<div class=""product-description-title"">Описание</div>
<div class=""product-description-text"">
						Крупноплодный гибрид средней высоты, с широкой раскидистой кроной. Цветет гроздьями, обильно; цветки крупные, с длинными лепестками. Зацвести растение может уже в стадии укоренения. Это мешает нормальному развитию молодого растения. Разрешать плодоносить лимону можно с 3-4-летнего возраста, а до этого нужно сформировать хорошую крону с достаточным количеством веток и листьев, ведь один плод кормят 10-16 листиков. У двухлетних растений бутоны удаляют, у трехлетних оставляют только 2-3 завязи, у четырех и пятилетних - 6-7, у семилетних - 10. Плоды этого сорта весят до 500 г. Мякоть светло-зеленая, с множеством семян. Кожура шероховатая на ощупь толщиной до 1 см.					</div>
<section class=""slider-info"">
</section>
</div>";
Каталог|Экзотические растения;Фейхоа Первенец;Фейхоа Первенец;2 289;https://klubsadprof.ru/upload/iblock/409/vvhfyxieqmscv32rjysphkey3ev0dhxp/feyhoa_pervenec_2400_rub.jpg;"<div class=""product-description-inner tab-active"" data-tab-content=""product-description-1"">
<div class=""product-description-title"">Описание</div>
<div class=""product-description-text"">
						В высоту дерево достигает 2,5 метра. Первые плоды можно собрать на четвертый год. В период цветения растения следует обеспечить температуру около 22 градусов по Цельсию. Средний вес плода около 40 грамм. Плоды очень ароматные, длина около 4 см и диаметр около 3 см. Вкус кисло-сладкий, несколько похожий на землянику и ананас одновременно.					</div>
<section class=""slider-info"">
</section>
</div>";
Каталог|Экзотические растения;Унаби (Зизифус) Вахшский;Унаби (Зизифус) Вахшский;608;https://klubsadprof.ru/upload/iblock/15b/06w8q55tow93q13teapm9mt88kyy69dt/unabi_kitayskii_60_1000_rub.jpg;"<div class=""product-description-inner tab-active"" data-tab-content=""product-description-1"">
<div class=""product-description-title"">Описание</div>
<div class=""product-description-text"">
						Зизифус Вашский дерево сильнорослое, неколючее, раскидистое. Сорт среднеплодный, средняя масса плода 9, 4 г, максимальная – 12, 6 г.  Мякоть плода мучнистая, вкус сладко - кисловатый. Раннего срока созревания (I - II декада октября).
 Посадка на солнечном месте. К почвам унаби неприхотлив. Полив рано весной обильный, летом умеренный. Морозостойкость высокая до - 30 градусов					</div>
<section class=""slider-info"">
</section>
</div>";
Каталог|Экзотические растения;Мандарин Уншиу;Мандарин Уншиу;2 289;https://klubsadprof.ru/upload/iblock/1b3/l1g9gdtwok18a25yts6cwyrvwkn0w48s/mandarin_sacuma_2400_rub.jpg;"<div class=""product-description-inner tab-active"" data-tab-content=""product-description-1"">
<div class=""product-description-title"">Описание</div>
<div class=""product-description-text"">
						Комнатный мандарин Уншиу прекрасно подойдет любителям выращивать домашние мандарины. Само деревце по высоте не будет превышать 70 сантиметров. Его легко сформировать в аккуратный куст или сделать похожим на штамбовое дерево.
При этом, купив мандарин Уншиу вы поймет что такое по-настоящему обильное плодоношение у комнатных цитрусовых. Сорт на столько часто и много пытается завязывать плоды, что даже рекомендуется их прореживать, чтобы дерево не навредило само себе.
Плоды с мандарина Уншиу без косточек, сладкие и очень легко чистятся. Такие практически не возможно встретить на витринах супермаркетов, но теперь можно вырастить самим!
Данный цитрус не требует к себе специального ухода, достаточно вынослив и на протяжении многих лет уже хорошо зарекомендовал себя для домашнего выращивания.
И польза от мандарина Уншиу не только в плодах. Его листья выделяют натуральные эфирные масла, которые наполнят комнату и будут дарить всем, кто в ней находится бодрость, свежесть мыслей и заряжать хорошим настроением.					</div>
<section class=""slider-info"">
</section>
</div>";
Каталог|Экзотические растения;Мандарин Муркотт;Мандарин Муркотт;2 289;https://klubsadprof.ru/upload/iblock/494/9a0i1431spus1m4ftvm88wysxouw7h8l/mandarin_murkott_2400_rub.jpg;"<div class=""product-description-inner tab-active"" data-tab-content=""product-description-1"">
<div class=""product-description-title"">Описание</div>
<div class=""product-description-text"">
						Дерево средне-рослое, пряморастущее, с длинными ивоподобными ветвями. Листья от маленьких до средних, ланцетовидные, заостренные на конце. Плоды часто образуются группами. Сорт урожайный, но со склонностью к чередующемуся плодоношению. Средне-поздний по срокам созревания. Один из наименее холодостойких среди мандаринов и тангоров. 

Плод среднего размера, сплюснутый с полюсов, кожура желто-оранжевая при созревании, тонкая, гладкая, достаточно плотно прилегающая к мякоти. Долек от 11 до 12. Мякоть оранжевая, нежная, сочная, ароматная, на вкус очень сладкая (не зря в одном из названий этого сорта присутствует слово медовый), по мнению некоторых людей во вкусе этого тангора присутствуют нотки манго. Семян много. 

Мандарин - древняя цитрусовая культура, возделываемая человеком ещё до нашей эры. По сравнению с другими цитрусовыми, мандарин является самым распространённым видом в тропической Азии, Китае и Японии.

Мандарин - небольшое ветвистое вечнозелёное дерево семейства рутовых с кожистыми ланцетными листьями. На черешках крупных листьев мандарина есть небольшие крылышки; длительность жизни каждого листа - до четырёх лет. Высота взрослого мандарина (возрастом около четверти века) достигает 3,5 метров, его шаровидная крона такого же диаметра. Плод мандарина созревает около 7-8 месяцев.					</div>
<section class=""slider-info"">
</section>
</div>";
Каталог|Экзотические растения;Магнолия вечнозеленая Кобус;Магнолия вечнозеленая Кобус;7 630;https://klubsadprof.ru/upload/iblock/091/7k4w6pbelwymz1jquiehq1v76idz9ch0/magnoliya_vechnozelenaya_kobus_8000_rub.jpg;"<div class=""product-description-inner tab-active"" data-tab-content=""product-description-1"">
<div class=""product-description-title"">Описание</div>
<div class=""product-description-text"">
						Саженцы магнолии Кобус, которая является одним из самых морозостойких видов, помогут преобразить участок. К достоинствам сорта относят следующие характеристики:
вырастает в высоту до 10 м;
дымогазоустойчива, может расти в городской черте;
может размножаться семенами.
Посадка крупномеров позволит наблюдать удивительное цветение через несколько лет, а посаженные сеянцы могут зацвести через 7 лет (но можно ждать и намного дольше). Цветет магнолия Кобус крупными белыми цветочками еще до распускания листвы. Листья сверху насыщенно-зеленые, а нижняя сторона немного светлее. Предпочитает солнечные места, защищённые от ветров. Почва дренированная, слабокислая, богатая органикой, равномерно увлажнённая в течение года. Рекомендуется мульчировать приствольный круг и не сажать в него другие растения.					</div>
<section class=""slider-info"">
</section>
</div>";
Каталог|Экзотические растения;Лайм Пальчиковый;Лайм Пальчиковый;965;https://klubsadprof.ru/upload/iblock/ab9/tp5q3oyiswj3lpytze5zwx7ts4o8vlfg/laym_palestinskii_2400_rub.jpg;"<div class=""product-description-inner tab-active"" data-tab-content=""product-description-1"">
<div class=""product-description-title"">Описание</div>
<div class=""product-description-text"">
						Цитрус Лайм Пальчиковый - куст, как правило, до 3 м в высоту и до 2,5 м в ширину. Достигнув высоты полуметра, растение начинает плодоносить. Овально-цилиндрические плоды фингер лайма до 5 см, темно-бордового, почти черного цвета. При созревании становятся зелеными или приобретают разные оттенки красного, фиолетового и бурого окраса. Форма немного изогнута и суженная к концу, похожа на палец, за это фрукт и получил свое название. Отличительной особенностью этого растения есть миниатюрные мешочки, наполненные освежающим соком, они по структуре напоминают икринки рыбы, за что их называют «цитрусовой икрой». Кисло-сладкий сок очень похож на традиционный лайм, но немного терпковатый и с не типичной ноткой хвои. Окрас мешочков также бывает белого, розового или зеленого цвета. Саженец без плодов, в красочной упаковке. Вегетирующий саженец с упакованной корневой системой, в красочной упаковке. Хранить до посадки при температуре от +10 °С и выше.					</div>
<section class=""slider-info"">
</section>
</div>";
Каталог|Экзотические растения;Лавр Узколистный;Лавр Узколистный;1 335;https://klubsadprof.ru/upload/iblock/175/0arm861swwwylaj552zzem2vaeseel4p/lavr_uzkolistnyy_1400_rub.jpg;"<div class=""product-description-inner tab-active"" data-tab-content=""product-description-1"">
<div class=""product-description-title"">Описание</div>
<div class=""product-description-text"">
						Лавр Узколистный - более выносливый сорт лавра благородного. Характерен более светлой окраской листьев и имеет более длинную узкую листву, чем у ботанического сорта. Листья растения узкие и длинные, светло-зелёные.					</div>
<section class=""slider-info"">
</section>
</div>";
Каталог|Экзотические растения;Мушмула Комун;Мушмула Комун;1 907;https://klubsadprof.ru/upload/iblock/e65/q2thhws8er2512n266ybb87e9elvdppt/mushmala_komun_2000_rub.jpg;"<div class=""product-description-inner tab-active"" data-tab-content=""product-description-1"">
<div class=""product-description-title"">Описание</div>
<div class=""product-description-text"">
						Саженцы мушмулы Comun легко приживаются как и другие деревья этого вида. Это один из самых распространённых сортов мушмулы. Сорт Comun не требовательный в уходе. Крупномеры мушмулы Comun, как и саженцы, любят влажность, но не интенсивный полив. Если растение слишком часто поливать, на листьях появятся пятнышки. Растение долго цветёт и приятно пахнет. Плоды этого сорта крупные , обычно круглые или приплюснутые, очень сочные, вкусные, и полезные.					</div>
<section class=""slider-info"">
</section>
</div>";
Каталог|Экзотические растения;Лавр Морщинистый;Лавр Морщинистый;1 335;https://klubsadprof.ru/upload/iblock/e43/ox9h88u17reob6dx6wpuggs38myc95gl/lavr_morshinistyy_1400_rub.jpg;"<div class=""product-description-inner tab-active"" data-tab-content=""product-description-1"">
<div class=""product-description-title"">Описание</div>
<div class=""product-description-text"">
						В природе произрастает в прибрежной полосе, на высоте 300 метров над уровнем моря, в Западном Закавказье. Растение представляет собой кустарник или дерево высотой от 4 до 8 метров. Листья простой формы, ланцетные, кожистые, длиной от 7 до 20 сантиметров, с заострёнными концами. Цветы мелкие, образуются в виде зонтичных соцветий, жёлтые.					</div>
<section class=""slider-info"">
</section>
</div>";
Каталог|Экзотические растения;Магнолия вечнозеленая Зибольда;Магнолия вечнозеленая Зибольда;7 630;https://klubsadprof.ru/upload/iblock/354/2mpob7j1uym59kllrb42evklt066znx4/magnoliya_vechnozelenaya_zibolgda_8000_rub.jpg;"<div class=""product-description-inner tab-active"" data-tab-content=""product-description-1"">
<div class=""product-description-title"">Описание</div>
<div class=""product-description-text"">
						Магнолия Зибольда — зимостойкий вид родом с Дальнего Востока.
Эффектна белыми достаточно крупными цветами по 7-9 см в диаметре и бордовой сердцевиной. Цветет будучи уже облиствленой с мая по июнь. Единичное повторное цветение наблюдается в августе. К осени образуются небольшие плоды в форме шишечек, наполненные ягодами оранжевого цвета .
Предпочитает влажную, питательную дренированную почву со слабокислой реакцией.
Место для посадки должно быть открытым или находиться в полутени, защищено от северных ветров.					</div>
<section class=""slider-info"">
</section>
</div>";
Каталог|Экзотические растения;Киви Бруно 1 шт.;Киви Бруно 1 шт.;573;https://klubsadprof.ru/upload/iblock/edf/ggozd1rbg0swkvtvmg9162z8k4n6h2zz/Kivi-Bruno.jpg;"<div class=""product-description-inner tab-active"" data-tab-content=""product-description-1"">
<div class=""product-description-title"">Описание</div>
<div class=""product-description-text"">
						Сорт киви ""Бруно"" - один из лидеров среди промышленных морозостойких (до -30°С) сортов десертного типа. Растения с умеренным ростом. Листья округлые с заостренным кончиком и сердцевидным основанием. Цветки женского типа, преимущественно одиночные, 5 лепестков округлой или слегка эллиптической формы, белые, с легким красноватым оттенком по краям. Плоды темно-коричневой окраски покрыты густыми волосками. Мякоть сочная, зеленовато-желтого цвета, ароматная, содержит свыше 10 % усвояемых сахаров, более 125 мг на 100 г витамина С и 115 мг на 100 г витамина PP с повышенным содержанием калия (K), кальция (Ca) и магния (Mg). Повышенное содержание органических кислот обуславливает сладко-кислый вкус мякоти.					</div>
<section class=""slider-info"">
</section>
</div>";
Каталог|Экзотические растения;Апельсин Кара-Кара;Апельсин Кара-Кара;2 671;https://klubsadprof.ru/upload/iblock/35f/0lon7o2qngjn6y4ddtguhic26fweebs8/apelgsin_kara_kara_2800_rub.jpg;"<div class=""product-description-inner tab-active"" data-tab-content=""product-description-1"">
<div class=""product-description-title"">Описание</div>
<div class=""product-description-text"">
						Сорт апельсинов Кара-Кара является мутацией сорта Вашингтон Навел и был найден в Венесуэле в 1976 году. Кара-кара унаследовала характеристики исходного сорта, но есть и отличие — мякоть яркого красного цвета (благодаря наличию ликопина и каротиноидов). Иногда у этого сорта появляются вариегатные (пестролистные) побеги, на которых вырастают полосатые плоды. Урожайность хорошая. Кожура гладкая, оранжевая, средней толщины, хорошо очищается, мякоть сочная. Уникальный вкус, слаще любых других апельсинов, чем-то напоминает мандарины. 

Соблюдая все необходимые правила ухода за апельсином комнатным, можно вырастить очень красивое и полезное дерево в своем доме или офисе.					</div>
<section class=""slider-info"">
</section>
</div>";
Каталог|Экзотические растения;Кумкват Малайский;Кумкват Малайский;2 289;https://klubsadprof.ru/upload/iblock/12f/ajt0spd0asyz6gylb48e9515ztbzb8yx/kumkvat_malayskii_2400_rub.jpg;"<div class=""product-description-inner tab-active"" data-tab-content=""product-description-1"">
<div class=""product-description-title"">Описание</div>
<div class=""product-description-text"">
						Выращивается в декоративных целях как горшечное растение. Кустарник без шипов с длинными, тонкими, ланцетными листьями. Плоды круглые, с тонкой кожицей, желтового цвета при созревании. Предпочитает полутень и почву с нейтральной или слабокислой реакцией(Ph 6.0-7.0). Мякоть кислая и сочная. Кожура со сладким послевкусием, слабым запахом мандарина.					</div>
<section class=""slider-info"">
</section>
</div>";
Каталог|Экзотические растения;Кумкват Нагами;Кумкват Нагами;2 289;https://klubsadprof.ru/upload/iblock/443/faaxdyxlyid6fbsd7g10m29204vcooap/kumkvat_nagami_2400_rub.jpg;"<div class=""product-description-inner tab-active"" data-tab-content=""product-description-1"">
<div class=""product-description-title"">Описание</div>
<div class=""product-description-text"">
						Вечнозеленый кустарник, который в комнатных условиях достигает в высоту не более 1,5 м. Стебель у этого цитруса не имеет колючек. Листья небольшие, темно-зеленые, кожистые, яйцевидно-овальной формы. Цветки пазушные, одиночные или собранные в группы по 2 — 4 штуки, белые, с сильным приятным ароматом. Очень сочные, мелкие (размером со сливу) плоды кумквата имеют более вытянутую форму, чем у других цитрусовых. Мякоть кисло-сладкая, кожура тоже сладкая. Цветет весной и летом, плоды созревают летом и осенью. Растение декоративное, обильно цветёт и плодоносит, хорошо растёт в домашних условиях. Одинаково хорошо переносит как прохладную зимовку, так и более тёплое содержание. Для роста и цветения нуждается в хорошем освещении, с притенением от прямых солнечных лучей. Полив обильный, без переувлажнения, с периодическими подкормками. На лето растение можно выносить на балкон.					</div>
<section class=""slider-info"">
</section>
</div>";
Каталог|Экзотические растения;Фейхоа Чойсеана;Фейхоа Чойсеана;2 289;https://klubsadprof.ru/upload/iblock/c8a/3f6qpj83cxfl4h1cvgxajbzpmwcbftb8/Fei_khoa-CHoi_seana-.jpg;"<div class=""product-description-inner tab-active"" data-tab-content=""product-description-1"">
<div class=""product-description-title"">Описание</div>
<div class=""product-description-text"">
						Чойсеана - Сорт выведен в Калифорнии скороспелый, самоопыляемый сорт. Плод круглый или овальный, размер от маленького до среднего, с гладкой кожурой и приятным ароматом. Урожаи менее стабильны, чем у других сортов. У плодов  приятный выраженный аромат, нежный вкус ,мало каменистых тел. 

Фейхоа – растение субтропическое, теплолюбивое, поэтому в садах средней полосы его не встретишь. Плоды этого дерева появляются в продаже зимой, из них готовят очень вкусное, ароматное варенье, обладающее массой полезных свойств. Можно просто перетереть ягоды с сахаром, а можно употреблять и в свежем виде. Используются плоды фейхоа и в винодельческой промышленности.

Месторасположение. Фейхоа – светолюбивая культура, поэтому лучше всего разместить ее на южном или юго-восточном окне. В осенне-зимний период растение сбрасывает довольно много листьев. Чтобы исключить это явление, необходимо досвечивание.

Температура. Взрослые растения выдерживают температуру до —12 °C, устойчивы против засухи. Зимой растение лучше всего содержать в прохладном светлом помещении с температурой 8—12 °C. Летом хорошо вынести в сад или на балкон.

Почва. К почвенным условиям растение нетребовательно, пригоден обычный цветочный субстрат.

В первые 2–3 года в связи с активным ростом корневой системы пересадку следует проводить ежегодно. При пересадке обязательно сохранять почвенный ком и растение не заглублять. Впоследствии пересадку делать один раз в 3 года.

Полив. Фейхоа – влаголюбивое растение. Пересушка земляного кома ведет к потере листьев, засыханию ветвей и части корневой системы. После полива скопившуюся в поддоне воду не удаляют – через некоторое время она впитается в земляной ком. В зимнее время, когда влажность воздуха в доме низкая, при уходе за фейхоа растение полезно опрыскивать чуть теплой водой. Летом рекомендуется обильный полив, зимой – умеренный.

Подкормки. Фейхоа весьма требователен к подкормкам в период цветения и завязывания плодов. В течение года фейхоа подкармливают каждые 15 дней, чередуя азот, фосфор и калий. Используют конский навоз (1:10), суперфосфат и зольную вытяжку. Суперфосфат плохо растворяется в воде, поэтому сначала 1 чайную ложку удобрения следует прокипятить в 1 л воды. Остуженный раствор разводят водой в соотношении 1:1. Для получения калийного удобрения 1 столовую ложку золы лиственных пород настаивают 1 неделю в 1 л воды. Перед подкормкой растение поливают обычной водой.

Пересадка. В первые 2–3 года фейхоа нужно ежегодно пересаживать в свежий питательный субстрат. Взрослые растения переваливают в большую посуду, заполняя свежим субстратом только пространство между стенками горшка и корневым комом. Выходящие из дренажного отверстия корни следует подрезать. Подробнее: https://exotiksad.ru/p331998007-fejhoa-sort-chojseana.html					</div>
<section class=""slider-info"">
</section>
</div>";
Каталог|Экзотические растения;Лайм Рангпур;Лайм Рангпур;2 289;https://klubsadprof.ru/upload/iblock/5db/36fda9pbahmej7l9fny8qveimf2dst8r/laym_rangpur_2400_rub.jpg;"<div class=""product-description-inner tab-active"" data-tab-content=""product-description-1"">
<div class=""product-description-title"">Описание</div>
<div class=""product-description-text"">
						Деревья среднего размера. Крона раскидистая. Шипы небольшие, их сравнительно мало. Листья темно-зеленые, похожие на листья мандарина.  Цветки мелкие, бутоны и лепестки фиолетового оттенка.  Рангпур относится к индийской группе мандарин-лаймов. Не смотря на плоды, внешне похожие на мандарины, вкус ближе к лайму. Плоды кислые, их диаметр около 5 см., кожура тонкая и легко отделяющаяся. Кожура и мякоть тёмно-оранжевые. Для лайма Рангпур характерна засухоустойчивость, высокая урожайность. Применяется как подвой цитрусовых культур.					</div>
<section class=""slider-info"">
</section>
</div>";
Каталог|Экзотические растения;Фейхоа Мамонт;Фейхоа Мамонт;2 289;https://klubsadprof.ru/upload/iblock/09b/6gosx8hgyz193x8xoxuwsmu7gys748gm/feyhoa_mamont_2400_rub.jpg;"<div class=""product-description-inner tab-active"" data-tab-content=""product-description-1"">
<div class=""product-description-title"">Описание</div>
<div class=""product-description-text"">
						Фейхоа сорт Мамонт  имеет овальные плоды, похожие на сорт  Кулидж,  но большого размера с  немного сморщенной  кожицей. У плодов  сорта Мамонт сочная, сахаристая мякоть  Сорт самоопыляемый, но при перекрестном опылении имеет плоды большего размера.

Фейхоа – растение субтропическое, теплолюбивое, поэтому в садах средней полосы его не встретишь. Плоды этого дерева появляются в продаже зимой, из них готовят очень вкусное, ароматное варенье, обладающее массой полезных свойств. Можно просто перетереть ягоды с сахаром, а можно употреблять и в свежем виде. Используются плоды фейхоа и в винодельческой промышленности.

Месторасположение. Фейхоа – светолюбивая культура, поэтому лучше всего разместить ее на южном или юго-восточном окне. В осенне-зимний период растение сбрасывает довольно много листьев. Чтобы исключить это явление, необходимо досвечивание.

Температура. Взрослые растения выдерживают температуру до —12 °C, устойчивы против засухи. Зимой растение лучше всего содержать в прохладном светлом помещении с температурой 8—12 °C. Летом хорошо вынести в сад или на балкон.

Почва. К почвенным условиям растение нетребовательно, пригоден обычный цветочный субстрат.

В первые 2–3 года в связи с активным ростом корневой системы пересадку следует проводить ежегодно. При пересадке обязательно сохранять почвенный ком и растение не заглублять. Впоследствии пересадку делать один раз в 3 года.

Полив. Фейхоа – влаголюбивое растение. Пересушка земляного кома ведет к потере листьев, засыханию ветвей и части корневой системы. После полива скопившуюся в поддоне воду не удаляют – через некоторое время она впитается в земляной ком. В зимнее время, когда влажность воздуха в доме низкая, при уходе за фейхоа растение полезно опрыскивать чуть теплой водой. Летом рекомендуется обильный полив, зимой – умеренный.

Подкормки. Фейхоа весьма требователен к подкормкам в период цветения и завязывания плодов. В течение года фейхоа подкармливают каждые 15 дней, чередуя азот, фосфор и калий. Используют конский навоз (1:10), суперфосфат и зольную вытяжку. Суперфосфат плохо растворяется в воде, поэтому сначала 1 чайную ложку удобрения следует прокипятить в 1 л воды. Остуженный раствор разводят водой в соотношении 1:1. Для получения калийного удобрения 1 столовую ложку золы лиственных пород настаивают 1 неделю в 1 л воды. Перед подкормкой растение поливают обычной водой.

Пересадка. В первые 2–3 года фейхоа нужно ежегодно пересаживать в свежий питательный субстрат. Взрослые растения переваливают в большую посуду, заполняя свежим субстратом только пространство между стенками горшка и корневым комом. Выходящие из дренажного отверстия корни следует подрезать.					</div>
<section class=""slider-info"">
</section>
</div>";
Каталог|Экзотические растения;Лавр Золотистый;Лавр Золотистый;1 335;https://klubsadprof.ru/upload/iblock/8aa/8ckh09ywa6i654bczxf8y9t7kac18d8q/lavr_zolotistyy_1400_rub.jpg;"<div class=""product-description-inner tab-active"" data-tab-content=""product-description-1"">
<div class=""product-description-title"">Описание</div>
<div class=""product-description-text"">
						Лавровое дерево образует густооблиственную крону пирамидальной формы. Листья растения очередные, цельнокрайные, с волнистыми краями. Цветы дерева собраны в зонтиковидные соцветия, белого, кремового или желтовато-зелёного цвета.  После цветения образуется плод – несъедобная ягода чёрно-синего цвета,  диаметром 15 миллиметров.					</div>
<section class=""slider-info"">
</section>
</div>";
Каталог|Экзотические растения;Апельсин Гамлин;Апельсин Гамлин;2 671;https://klubsadprof.ru/upload/iblock/e4f/bvbshkbqt5wiqdogzu0woh5tg4sfcv99/apelgsin_gamlin_2800_rub.jpg;"<div class=""product-description-inner tab-active"" data-tab-content=""product-description-1"">
<div class=""product-description-title"">Описание</div>
<div class=""product-description-text"">
						Апельсин ГАМЛИН (Citrus Sinensis Hamlin) – скороспелый сорт с небольшими или средней величины плодами округлой или чуть уплощенной формы и тонкой, ровной кожицей желтого цвета. Выращивается преимущественно в Бразилии и США, обладает отличной транспортабельностью и долго хранится, активно используется в комнатном цветоводстве. 

Соблюдая все необходимые правила ухода за апельсином комнатным, можно вырастить очень красивое и полезное дерево в своем доме или офисе.					</div>
<section class=""slider-info"">
</section>
</div>";
Каталог|Экзотические растения;Апельсин Лайн Лате;Апельсин Лайн Лате;2 671;https://klubsadprof.ru/upload/iblock/9f5/6q49fh1vxhn4c9ktr4n3lpubahnh6xcl/apelgsin_layn_late_2800_rub.jpg;"<div class=""product-description-inner tab-active"" data-tab-content=""product-description-1"">
<div class=""product-description-title"">Описание</div>
<div class=""product-description-text"">
						Апельсин Лайн Лате с превосходными крупными плодами, комнатный сорт с компактной декоративной формой кроны. Взрослое деревцо вырастает до 170 см высотой, крона густая, хорошо облиственна, растёт быстро, до 40 см в год. энергично растет. Плоды привлекательного внешнего вида, крупные. около 8-9 см в диаметре, средней массой 250-320 грамм. Мякоть оранжевой окраски, сочная, сладкая, очень ароматная. Урожайность высокая, до 7 килограмм с одного 5 летнего растения. Очень чувствительны к перепадам температур. Плодоношение на 2 - 3 год, созревание на протяжении 50 дней. 
Домашние апельсины как и все цитрусовые растения требовательны к свету и теплу. Бутонизация, цветение и завязывание плодов лучше всего происходят при средней температуре воздуха и почвы +15-18°C. Зимой апельсины рекомендуется содержать в светлом холодном помещении при средней температуре 5-12°C. Отсутствие холодной зимовки может привести к тому, что растение не будет плодоносить.					</div>
<section class=""slider-info"">
</section>
</div>";
Каталог|Экзотические растения;Кумкват Маруми;Кумкват Маруми;2 289;https://klubsadprof.ru/upload/iblock/f1d/8qtmpz4pf6kic0otwl5xa3ednua8qupk/kumkvat_marumi_2400_rub.jpg;"<div class=""product-description-inner tab-active"" data-tab-content=""product-description-1"">
<div class=""product-description-title"">Описание</div>
<div class=""product-description-text"">
						Кумкват Маруми (ботаническое название Fortunella japonica), является прорывом в разведении кумкватов и благом для садоводов, особенно для тех, кто живет в холодном северном климате. 
Из всех цитрусовых: апельсинов, мандаринов, лимонов и лаймов - Кумкват Маруми выдержит самые низкие температуры.
Деревья кумквата Маруми, отличаются маленькими или средними размерами, округлой формой кроны и 
Кумкват Маруми (ботаническое название Fortunella japonica), является прорывом в разведении кумкватов и благом для садоводов, особенно для тех, кто живет в холодном северном климате. 
Из всех цитрусовых: апельсинов, мандаринов, лимонов и лаймов - Кумкват Маруми выдержит самые низкие температуры.
Деревья кумквата Маруми, отличаются маленькими или средними размерами, округлой формой кроны и густой блестящей зеленой листвой.
Кумкват Маруми очень похож на кумкват Нагами, но листья у него гораздо меньше и плоды более круглые.
Плоды кумквата Маруми красивой округлой формы, а съедобная сладкая кожура, которая немного тоньше и слаще, чем у Наруми, придает мякоти приятный вкус.
Сочетание терпкости и сладости вызывает невероятную гамму вкусовых ощущений.
Благодаря своей красоте и декоративности, деревья кумквата пользуются большой популярностью у ландшафтных дизайнеров.
Кумкват Маруми редко выращивается за пределами Китая и Японии, поэтому, у нас он только начинает завоевывать популярность.
Высота дерева достигает от 1,8 м до 3,0 м, ширина - до 1,8 м.
Это плодоносящее цитрусовое деревце, невероятно устойчиво к холоду, засухе, вредителям и болезням.
Как и многие карликовые цитрусовые, кумкват самоопыляем, что, добавляет ему популярности среди садоводов.
Отличительной особенностью кумквата, являются очень красивые, ароматные белые цветы, которые превращаются в сладко-терпкие ярко-оранжевые фрукты.
Типичный плод имеет размеры: 2,75 см - в длину и 2,5 см – в ширину.
Интересный привкус кумквата позволяет сочетать его с орехами, морепродуктами, птицей, рыбой, мясом и, конечно же, кумкват незаменим в различного рода десертах.
В наших широтах, деревья лучше выращивать в больших горшках, которые можно держать во дворе до температуры – 8 °C. После этого, лучше занести растение в дом.					</div>
<section class=""slider-info"">
</section>
</div>";
Каталог|Экзотические растения;Мушмула Танака;Мушмула Танака;1 907;https://klubsadprof.ru/upload/iblock/549/2ksndgm7ynq567ct2hyhfcrh9f65bkxn/mushmala_tanaka_2000_rub.jpg;"<div class=""product-description-inner tab-active"" data-tab-content=""product-description-1"">
<div class=""product-description-title"">Описание</div>
<div class=""product-description-text"">
						Саженцы мушмулы Tanaka совсем не требовательны к типу почвы. Их можно расположить в любой части сада, но предпочтительнее выбирать место с достаточным количеством солнечного света. Листья длинные и широкие. Крупномеру мушмулы Tanaka при пересадке требуются удобрения, а также площадь питания размером не меньше 1.5 х 1.5 м. Плоды у сорта Tanaka самые крупные среди вида мушмулы. Они могут быть весом от 50 до 80 грамм, жёлто-оранжевого цвета, по форме грушевидные, а на вкус сладкие с лёгкой кислинкой. Обрезать растение не нужно, только если ветки сильно переплетаются. К болезням саженец не предрасположен.					</div>
<section class=""slider-info"">
</section>
</div>";
Каталог|Экзотические растения;Магнолия вечнозеленая Стеллати;Магнолия вечнозеленая Стеллати;7 630;https://klubsadprof.ru/upload/iblock/ca0/00i8x72wbi0ytkforvi1uavdt07qp9hq/magnoliya_vechnozelenaya_stellati_8000_rub.jpg;"<div class=""product-description-inner tab-active"" data-tab-content=""product-description-1"">
<div class=""product-description-title"">Описание</div>
<div class=""product-description-text"">
						Магнолия крупноцветковая, или грандифлора (Magnolia grandiflora) – вечнозелёное дерево до 30 м высотой в тропиках (ствол до 1,4 м в толщину), до 20 м в субтропиках, и пока до 5 м в Средней полосе. Широкопирамидальная крона с густой листвой, которая торчит во все стороны. Листья широколанцетные, плотные, толстые, гладкие, блестящие, сверху тёмно-зелёные, снизу жёлто-бурые, реже светло-зелёные и слегка опушённые.					</div>
<section class=""slider-info"">
</section>
</div>";
Каталог|Экзотические растения;Лавр Камфорный;Лавр Камфорный;1 335;https://klubsadprof.ru/upload/iblock/9e2/3vcifvuhaiwmbxklu0xmmwoq2anrlzoj/lavr_kamfornyy_1400_rub.jpg;"<div class=""product-description-inner tab-active"" data-tab-content=""product-description-1"">
<div class=""product-description-title"">Описание</div>
<div class=""product-description-text"">
						Цветы мелкие, желтовато-зелёные, собраны в метельчатые соцветия. Части растения содержат эфирное масло, основным компонентом которого является камфора. Данное вещество используется в качестве компонента некоторых лекарственных средств.					</div>
<section class=""slider-info"">
</section>
</div>";
Каталог|Экзотические растения;Магнолия вечнозеленая Дженни;Магнолия вечнозеленая Дженни;7 630;https://klubsadprof.ru/upload/iblock/a5c/9zh8ir1mxoe5ikr95zmeqqel8e4jbe0f/magnoliya_vechnozelenaya_dzhenni_8000_rub.jpg;"<div class=""product-description-inner tab-active"" data-tab-content=""product-description-1"">
<div class=""product-description-title"">Описание</div>
<div class=""product-description-text"">
						Быстрорастущий сорт магнолии с бордово-красными крупными цветками. Бутоны бокаловидные, до 15 см в длину, сам кустарник вырастает до 3 метров. Место посадки лучше выбрать солнечное, почву предпочитает влажную, так же можно высажить на кислой и нейтральной. Морозостойкость -29С.					</div>
<section class=""slider-info"">
</section>
</div>";
Каталог|Экзотические растения;Кумкват Фукуши;Кумкват Фукуши;2 289;https://klubsadprof.ru/upload/iblock/649/up9p1maefbz7mcb2zz2jnigrvq3194ig/kumkvat_fukushi_2400_rub.png;"<div class=""product-description-inner tab-active"" data-tab-content=""product-description-1"">
<div class=""product-description-title"">Описание</div>
<div class=""product-description-text"">
						Цитрус Кумкват Фукушу - вечнозелёное деревце, относящееся к роду Фортунелла. Плоды мелкие грушевидной формы, оранжевого цвета. На вкус плоды сладковато-кисловатые, сам плод кислый, но так как его нужно есть вместе с кожурой, то он приобретает как раз таки сладкий вкус. Использование: для оранжерей и комнатного садоводства. Саженец без плодов, в красочной упаковке. Вегетирующий саженец с упакованной корневой системой, в красочной упаковке. Хранить до посадки при температуре от +10 °С и выше.					</div>
<section class=""slider-info"">
</section>
</div>";
Каталог|Экзотические растения;Мушмула Шампань;Мушмула Шампань;1 907;https://klubsadprof.ru/upload/iblock/9bb/9jwxeiam0g8cmugzl9rc1dm1sz2lq7z7/mushmala_shampang_2000_rub.jpg;"<div class=""product-description-inner tab-active"" data-tab-content=""product-description-1"">
<div class=""product-description-title"">Описание</div>
<div class=""product-description-text"">
						Саженцы мушмулы Champagne ценное плодовое дерево. Саженец не требует тщательного ухода, но нуждается в большом количестве света. Плоды мушмулы Champagne крупные, часто грушевидной или овальной формы. Один плод может весить до 50 грамм и содержит много калия, полезных кислот и витамина А. По вкусу плоды напоминают груши или черешни.					</div>
<section class=""slider-info"">
</section>
</div>";
